timestamp,low,high,open,close,volume
2021-05-04,53053.87,56617.7,55608.4,53053.87,253.46247937
2021-05-05,52938.8,57933.11,53042.22,57486.84,269.34123492
2021-05-06,55262.28,58361.4,57496.57,56409.6,468.83760636
2021-05-07,55255.2,58649.79,56429.6,57330.6,456.67921225
2021-05-08,56959.23,59492.81,57353.12,58865.94,348.77001697
2021-05-09,56251.89,59204.23,58865.94,58224.89,493.60263714
2021-05-10,53545.31,59518.7,58259.8,55820.83,885.92251183
2021-05-11,54462.97,56861.91,55800.99,56703.42,680.03768078
2021-05-12,48517.41,57970.0,56703.47,49457.05,905.10678218
2021-05-13,45860.4,51344.23,49442.75,49669.89,1723.27096602
2021-05-14,48846.35,51445.85,49645.48,49859.84,695.4178542
2021-05-15,46566.4,50662.49,49859.84,46689.31,650.03037881
2021-05-16,43570.94,49812.04,46742.27,46408.82,1114.26338828
2021-05-17,41848.11,46583.52,46413.12,43519.78,1922.62256711
2021-05-18,42262.22,45844.47,43695.22,42884.82,1081.88933614
2021-05-19,28907.8,43553.19,42856.22,36655.42,3742.40916439
2021-05-20,34941.5,42448.3,36674.02,40505.44,3353.06470482
2021-05-21,33340.0,42199.99,40502.05,37247.0,4242.67850751
2021-05-22,35225.53,38847.32,37232.61,37446.87,2492.29827641
2021-05-23,31059.58,38262.88,37427.31,34671.11,2474.09816913
2021-05-24,34379.67,40121.6,34674.77,38780.58,2416.90550008
2021-05-25,36443.02,39778.65,38790.15,38352.88,1298.23201349
2021-05-26,37795.47,40824.68,38346.55,39240.15,1371.85187262
2021-05-27,37146.11,40414.04,39226.6,38504.22,963.20499893
2021-05-28,34708.17,38880.13,38528.44,35677.77,2530.79601542
2021-05-29,33592.39,37396.16,35683.74,34618.63,2279.24698965
2021-05-30,33366.63,36487.8,34575.0,35614.21,900.25016705
2021-05-31,34168.59,37503.44,35585.78,37180.65,1789.5232992
2021-06-01,35700.0,37890.97,37126.66,36694.23,1178.43236697
2021-06-02,35924.08,38235.08,36770.91,37568.15,417.79544429
2021-06-03,37187.16,39484.0,37441.85,39244.51,374.10709927
2021-06-04,35575.23,39267.34,39250.33,36881.64,582.8193511
2021-06-05,34832.97,37902.09,36857.56,35561.68,551.89954427
2021-06-06,35237.91,36469.99,35570.23,35808.21,288.47818672
2021-06-07,33333.0,36779.64,35882.01,33494.98,641.81225286
2021-06-08,30967.04,34051.72,33448.7,33369.87,1312.43881861
2021-06-09,32407.42,37524.88,33369.87,37426.92,1562.13936548
2021-06-10,35800.0,38410.17,37421.67,36661.07,797.82606099
2021-06-11,35952.44,37669.89,36679.49,37336.47,483.71700755
2021-06-12,34619.68,37433.27,37271.8,35527.06,610.80674387
2021-06-13,34777.85,39349.2,35530.92,39026.93,802.84672845
2021-06-14,38744.42,41036.01,39095.32,40513.96,869.26959822
2021-06-15,39543.49,41326.81,40510.78,40153.95,532.26745946
2021-06-16,38121.99,40490.07,40127.17,38290.16,525.54694734
2021-06-17,37377.41,39535.51,38287.27,38025.98,359.67453192
2021-06-18,35143.0,38183.15,38049.14,35797.97,397.43090098
2021-06-19,34824.03,36434.98,35787.57,35468.73,399.89976173
2021-06-20,33345.85,36116.37,35481.9,35543.48,643.99247988
2021-06-21,31269.22,35737.0,35574.81,31614.71,1645.80681975
2021-06-22,28801.12,33307.4,31674.66,32500.0,2346.93444919
2021-06-23,31711.18,35000.0,32516.89,33664.1,823.24797362
2021-06-24,32319.62,35274.3,33672.85,34667.67,488.76017692
2021-06-25,31300.0,35499.98,34726.88,31606.67,608.32444069
2021-06-26,30163.34,32717.61,31550.37,32286.95,539.29452601
2021-06-27,32003.13,34747.72,32307.69,34682.22,612.66738397
2021-06-28,33880.71,35286.23,34701.22,34488.63,408.32858662
2021-06-29,34247.08,36603.38,34492.73,35903.8,534.48861187
2021-06-30,34043.22,36078.06,35896.77,35035.08,396.47327003
2021-07-01,32716.17,35040.25,35040.25,33530.17,424.96620179
2021-07-02,32706.96,33960.77,33508.8,33820.83,270.28659105
2021-07-03,33322.78,34938.27,33841.47,34657.49,186.61339589
2021-07-04,34374.05,35954.33,34628.79,35291.87,170.78537433
2021-07-05,33136.27,35291.87,35291.87,33699.54,298.79233095
2021-07-06,33528.4,35096.77,33723.96,34189.89,314.16327599
2021-07-07,33791.62,35054.89,34182.78,33848.62,208.4609768
2021-07-08,32099.78,33923.08,33819.95,32857.23,323.08136529
2021-07-09,32279.03,34091.21,32829.86,33821.77,179.66006029
2021-07-10,33030.0,34257.94,33835.14,33549.03,126.54820649
2021-07-11,33321.21,34597.81,33542.74,34260.12,200.1077099
2021-07-12,32668.12,34673.1,34264.42,33089.05,190.88112754
2021-07-13,32200.33,33325.25,33088.43,32738.05,166.83288432
2021-07-14,31594.71,33099.29,32759.17,32805.94,275.78569141
2021-07-15,31146.57,33172.79,32842.75,31877.81,302.61349845
2021-07-16,31057.82,32243.39,31893.05,31381.96,240.84106029
2021-07-17,31177.58,31946.09,31386.94,31492.55,182.79852451
2021-07-18,31129.3,32434.44,31489.38,31791.27,193.20665596
2021-07-19,30424.63,31875.71,31806.03,30839.33,335.09193447
2021-07-20,29299.99,31050.0,30846.25,29780.55,295.82890901
2021-07-21,29512.85,32841.97,29766.56,32133.28,409.45883134
2021-07-22,31731.1,32595.33,32125.6,32313.11,184.87304419
2021-07-23,31985.0,33626.87,32333.24,33626.87,255.39279412
2021-07-24,33400.0,34492.95,33637.93,34259.78,264.66655674
2021-07-25,33867.39,35413.0,34259.91,35413.0,252.96692447
2021-07-26,35240.04,40539.3,35413.0,37249.67,1191.48825762
2021-07-27,36340.69,39539.32,37236.84,39464.16,622.31960614
2021-07-28,38790.08,40892.23,39456.83,39996.64,844.23470584
2021-07-29,39257.24,40645.22,39966.63,40024.01,393.58175864
2021-07-30,38330.1,42285.84,40029.75,42184.63,488.83576925
2021-07-31,41039.98,42405.88,42209.58,41448.09,306.42126323
2021-08-01,39417.85,42568.93,41450.52,39883.66,287.08623384
2021-08-02,38686.17,40462.23,39907.66,39120.64,371.81710266
2021-08-03,37619.41,39773.44,39128.95,38194.29,573.24409373
2021-08-04,37510.09,39959.44,38185.6,39737.2,354.70258791
2021-08-05,37327.88,41368.99,39717.31,40875.0,650.88260572
2021-08-06,39862.33,43368.68,40881.44,42831.58,743.08683184
2021-08-07,42456.85,44700.0,42841.29,44579.88,541.66656459
2021-08-08,43274.14,45321.75,44576.91,43814.66,492.99647282
2021-08-09,42768.16,46461.15,43807.72,46267.75,568.28700189
2021-08-10,44639.92,46721.02,46263.34,45592.75,523.75151779
2021-08-11,45356.05,46749.99,45571.51,45518.58,484.63055309
2021-08-12,43297.72,46207.52,45520.65,44420.74,686.35296465
2021-08-13,44230.83,47871.07,44420.04,47805.33,536.34969051
2021-08-14,46000.0,48145.74,47808.52,47019.62,440.19110922
2021-08-15,45500.0,47369.28,47083.69,47000.13,453.77369166
2021-08-16,45656.02,48036.95,47010.85,45915.52,506.78519404
2021-08-17,44412.39,47150.0,45911.01,44665.55,514.1741703
2021-08-18,44217.39,46022.94,44641.53,44691.85,384.27546016
2021-08-19,43944.95,47088.7,44707.65,46769.72,389.50385749
2021-08-20,46628.8,49403.9,46786.27,49341.72,607.11584799
2021-08-21,48235.41,49787.22,49343.52,48817.92,588.10718019
2021-08-22,48050.0,49494.93,48848.89,49227.57,289.93026139
2021-08-23,49025.64,50521.91,49248.33,49512.33,451.03070122
2021-08-24,47599.17,49850.33,49486.5,47706.9,508.84745997
2021-08-25,47141.23,49278.96,47668.37,48985.61,486.19559671
2021-08-26,46300.0,49345.88,48976.13,46852.08,653.51518265
2021-08-27,46341.62,49169.71,46844.49,49054.58,501.91073772
2021-08-28,48354.1,49285.1,49066.38,48911.02,250.74926118
2021-08-29,47746.45,50910.21,48917.23,48743.11,419.26475606
2021-08-30,46837.82,48872.09,48738.41,46981.83,585.61639264
2021-08-31,46691.73,48242.72,46981.83,47104.32,557.11528649
2021-09-01,46515.2,49127.51,47099.63,48819.12,581.38352215
2021-09-02,48598.47,50360.36,48819.76,49253.77,492.94986531
2021-09-03,48333.54,51043.06,49248.21,49995.92,1035.39825402
2021-09-04,49368.95,50533.38,49992.2,49915.33,646.54093201
2021-09-05,49459.13,51873.12,49922.52,51769.21,573.81626892
2021-09-06,50996.33,52769.22,51759.76,52670.16,549.86779807
2021-09-07,42759.18,52927.37,52660.19,46848.22,1746.47267963
2021-09-08,44434.08,47337.57,46858.64,46058.29,1242.18280973
2021-09-09,45524.1,47389.8,46058.29,46375.51,659.18083731
2021-09-10,44137.5,47029.9,46382.54,44845.99,883.99693717
2021-09-11,44735.82,45979.27,44839.63,45151.55,448.54523162
2021-09-12,44747.94,46450.0,45127.15,46031.87,352.61700945
2021-09-13,43399.97,46867.22,46036.57,44937.27,970.52416542
2021-09-14,44674.2,47247.0,44947.31,47129.64,593.58422134
2021-09-15,46701.81,48455.52,47109.89,48150.15,403.99348635
2021-09-16,47034.8,48502.98,48146.32,47758.15,424.68743242
2021-09-17,46758.38,48155.62,47758.15,47311.34,362.5283979
2021-09-18,47040.53,48821.4,47332.55,48298.09,363.69077576
2021-09-19,46823.97,48372.44,48295.65,47243.75,337.13180804
2021-09-20,42480.62,47338.06,47254.38,43029.76,1613.16001345
2021-09-21,39564.48,43629.42,43014.57,40699.5,2463.74982777
2021-09-22,40576.09,44000.0,40725.11,43554.79,1439.68738036
2021-09-23,43075.37,44982.12,43555.87,44864.27,793.57571918
2021-09-24,40677.63,45174.0,44865.05,42806.73,1103.31177443
2021-09-25,41666.0,42960.0,42815.84,42654.46,351.13586954
2021-09-26,40774.41,43913.21,42648.48,43199.9,548.5631464
2021-09-27,42100.0,44351.68,43151.98,42134.74,715.85064336
2021-09-28,40532.81,42760.82,42134.54,41021.62,531.14244618
2021-09-29,40752.08,42601.05,41012.55,41524.81,433.44951783
2021-09-30,41425.3,44110.36,41531.42,43816.91,374.01766966
2021-10-01,43301.4,48465.81,43809.87,48137.83,790.66270008
2021-10-02,47436.0,48337.74,48138.59,47668.55,288.24216086
2021-10-03,47102.38,49221.25,47675.62,48158.74,275.48352962
2021-10-04,46910.47,49494.34,48167.72,49209.6,577.57318343
2021-10-05,49034.04,51869.0,49234.03,51440.88,533.42809402
2021-10-06,50377.0,55753.63,51463.68,55324.59,916.28768781
2021-10-07,53395.43,55319.56,55314.94,53780.0,653.65899357
2021-10-08,53625.17,56094.04,53775.2,53931.85,514.88359534
2021-10-09,53671.0,55503.42,53921.36,54924.08,234.5644483
2021-10-10,54103.41,56509.77,54913.24,54667.45,520.75530897
2021-10-11,54426.17,57821.67,54616.85,57459.56,412.15144162
2021-10-12,53918.0,57765.77,57476.49,56004.46,516.91249438
2021-10-13,54250.56,57782.07,55980.23,57370.64,490.01108948
2021-10-14,56788.0,58541.09,57374.64,57351.22,542.91570926
2021-10-15,56865.11,62914.82,57349.76,61671.36,1311.45964657
2021-10-16,60152.67,62356.1,61682.59,60881.22,577.91723413
2021-10-17,58909.1,61697.7,60866.41,61587.68,526.15138747
2021-10-18,59889.27,62700.52,61553.05,62025.88,582.88974858
2021-10-19,61251.04,64488.0,62020.42,64295.93,577.30092708
2021-10-20,63498.85,66992.54,64299.97,66006.99,462.94545501
2021-10-21,62023.54,66666.83,65980.38,62195.6,989.30317151
2021-10-22,60014.69,63738.01,62203.37,60672.27,794.67981794
2021-10-23,59644.11,61737.69,60664.79,61326.1,318.99553551
2021-10-24,59506.81,61498.99,61313.59,60855.0,407.24842617
2021-10-25,60653.37,63717.38,60894.3,63097.69,443.84735034
2021-10-26,59844.6,63290.69,63083.2,60294.71,475.60945335
2021-10-27,58003.4,61488.19,60320.21,58419.48,1064.91331657
2021-10-28,57000.0,62477.67,58427.04,60585.36,867.56229346
2021-10-29,60176.56,62966.92,60577.22,62262.95,628.23819317
2021-10-30,60717.28,62358.21,62262.96,61873.82,383.26760967
2021-10-31,59971.0,62399.95,61874.37,61297.41,371.99569207
2021-11-01,59456.7,62439.89,61303.15,60937.8,488.83231011
2021-11-02,60634.47,64266.74,60901.34,63212.21,463.25820686
2021-11-03,60050.0,63510.71,63221.61,62891.6,519.26130343
2021-11-04,60686.43,63080.97,62894.18,61383.68,308.65740276
2021-11-05,60722.55,62596.99,61385.33,60953.19,318.02650182
2021-11-06,60064.17,61551.98,60953.19,61472.5,186.10304351
2021-11-07,61339.78,63283.82,61480.87,63283.82,178.90152825
2021-11-08,63292.18,67787.8,63292.18,67530.04,467.49916941
2021-11-09,66266.97,68532.02,67516.66,66933.03,351.2417967
2021-11-10,62895.0,69023.79,66965.05,64886.44,673.8972795
2021-11-11,64111.11,65582.1,64856.04,64789.13,284.41235005
2021-11-12,62286.7,65447.27,64755.8,64136.62,388.23488347
2021-11-13,63376.61,64967.23,64169.7,64369.75,149.76526685
2021-11-14,63590.0,65537.56,64369.16,65537.56,232.71012738
2021-11-15,63367.47,66341.77,65544.42,63602.37,260.82930725
2021-11-16,58500.0,63612.42,63602.8,60056.95,730.71913872
2021-11-17,58370.59,60819.68,60068.25,60340.37,372.47309677
2021-11-18,56488.08,60945.75,60340.27,56897.58,815.389794
2021-11-19,55600.0,58327.3,56871.82,58060.46,499.8677132
2021-11-20,57369.56,59854.03,58050.33,59712.82,254.53662696
2021-11-21,58500.88,60014.18,59725.39,58616.04,194.42433145
2021-11-22,55618.59,59653.43,58642.43,56243.35,493.33602893
2021-11-23,55351.6,57953.55,56243.35,57522.29,393.17031864
2021-11-24,55877.14,57588.84,57559.52,57164.19,358.99252856
2021-11-25,57015.77,59385.5,57208.1,58943.24,305.77712064
2021-11-26,53500.01,59157.31,58977.72,53735.86,610.9660946
2021-11-27,53589.61,55284.06,53736.57,54726.22,267.10930868
2021-11-28,53292.94,57435.54,54702.61,57300.21,365.28972965
2021-11-29,56681.2,58871.51,57308.22,57784.61,317.3983273
2021-11-30,55880.62,59200.0,57787.27,56937.48,395.49747403
2021-12-01,56463.31,59059.63,56937.48,57185.43,531.08862065
2021-12-02,55782.28,57374.28,57185.33,56489.66,472.8544059
2021-12-03,51600.7,57585.37,56531.24,53677.78,520.46525657
2021-12-04,42002.88,53858.72,53626.39,49158.68,1341.61249748
2021-12-05,47745.54,49689.83,49151.84,49404.08,510.19161299
2021-12-06,47135.27,50909.23,49419.68,50492.76,691.33176073
2021-12-07,50032.21,51928.41,50488.05,50587.77,421.21293677
2021-12-08,48589.0,51204.54,50603.36,50495.36,412.64883481
2021-12-09,47312.62,50811.51,50481.97,47562.4,571.66868819
2021-12-10,46884.6,50100.0,47533.69,47152.35,616.80679931
2021-12-11,46765.67,49483.85,47140.82,49386.16,357.31430646
2021-12-12,48623.28,50766.79,49400.09,50049.52,302.17020638
2021-12-13,45724.09,50177.46,50047.63,46696.75,633.73453456
2021-12-14,46302.02,48658.91,46699.37,48350.35,443.21181173
2021-12-15,46543.93,49482.19,48338.06,48881.57,574.40705078
2021-12-16,47520.89,49438.53,48861.12,47629.82,352.61369796
2021-12-17,45465.94,47986.85,47619.08,46154.23,426.36590058
2021-12-18,45500.0,47333.33,46194.8,46824.61,283.44171676
2021-12-19,46416.03,48351.28,46795.8,46680.0,307.4160977
2021-12-20,45560.0,47532.74,46665.71,46893.94,390.18864166
2021-12-21,46648.05,49332.36,46928.99,48900.56,349.53377213
2021-12-22,48433.35,49569.81,48899.95,48598.54,358.48607644
2021-12-23,48046.36,51390.46,48580.37,50817.7,439.72065888
2021-12-24,50406.22,51825.87,50841.87,50820.8,316.82627902
2021-12-25,50163.15,51142.85,50833.51,50404.17,234.65397494
2021-12-26,49434.02,51275.52,50386.29,50787.71,302.54481641
2021-12-27,50453.64,52081.94,50789.78,50671.03,393.80907481
2021-12-28,47294.83,50708.03,50708.03,47532.88,661.12633834
2021-12-29,46097.67,48135.65,47547.33,46457.51,352.96374859
2021-12-30,45952.63,47906.89,46461.4,47116.88,578.46486366
2021-12-31,45665.15,48563.59,47128.25,46202.07,562.04108554
2022-01-01,46219.13,47958.65,46221.22,47728.93,313.2159709
2022-01-02,46644.55,47987.85,47718.04,47289.79,367.66055943
2022-01-03,45700.0,47565.16,47270.43,46437.18,387.86311547
2022-01-04,45550.0,47527.94,46446.93,45825.84,440.49060572
2022-01-05,42475.0,47069.69,45828.31,43457.96,1038.79052169
2022-01-06,42434.99,43784.22,43444.07,43092.95,888.377054
2022-01-07,40617.71,43135.17,43106.46,41557.73,1124.31490953
2022-01-08,40517.4,42313.5,41557.73,41680.28,733.52738273
2022-01-09,41212.62,42785.71,41692.5,41847.04,541.23048885
2022-01-10,39650.75,42233.7,41854.71,41841.84,896.61708158
2022-01-11,41277.0,43112.56,41847.58,42713.89,726.33142507
2022-01-12,42453.36,44335.54,42735.22,43902.23,589.9794868
2022-01-13,42316.66,44415.82,43875.03,42564.53,502.52606598
2022-01-14,41760.08,43445.15,42560.91,43067.32,508.03461959
2022-01-15,42558.12,43807.64,43072.06,43071.0,252.08618271
2022-01-16,42589.12,43482.44,43075.31,43083.31,315.04021878
2022-01-17,41546.92,43172.45,43083.31,42202.06,511.11076347
2022-01-18,41287.83,42674.29,42209.24,42375.19,626.51141421
2022-01-19,41141.39,42547.74,42396.57,41679.17,653.86221365
2022-01-20,40563.65,43500.0,41677.52,40684.14,596.95469516
2022-01-21,35417.79,41101.36,40638.45,36451.67,1646.69478542
2022-01-22,34004.96,36815.33,36430.77,35058.93,1151.45720482
2022-01-23,34608.67,36517.89,35078.2,36248.03,872.19972497
2022-01-24,32938.19,37542.33,36263.82,36674.96,1432.08328348
2022-01-25,35703.05,37560.3,36687.36,36980.75,1073.17112996
2022-01-26,36248.13,38917.2,36976.36,36821.39,1075.88844333
2022-01-27,35505.31,37233.78,36812.0,37148.08,736.31101734
2022-01-28,36155.82,38002.84,37147.11,37718.29,706.68106904
2022-01-29,37303.77,38775.66,37718.26,38174.36,611.97145981
2022-01-30,37361.19,38364.34,38185.47,37895.92,426.86278102
2022-01-31,36636.39,38742.9,37895.73,38471.77,708.75427851
2022-02-01,37998.68,39279.27,38431.13,38701.13,660.92190719
2022-02-02,36588.65,38863.26,38711.0,36905.1,649.11062638
2022-02-03,36250.0,37360.02,36883.24,37309.04,491.69737653
2022-02-04,37026.47,41731.26,37314.12,41570.79,876.37064231
2022-02-05,40924.01,41944.33,41570.64,41383.93,413.23217717
2022-02-06,41121.38,42652.97,41376.35,42394.82,332.42969824
2022-02-07,41647.24,44512.39,42388.66,43826.63,852.11034717
2022-02-08,42655.2,45506.0,43836.09,44048.52,1090.91677257
2022-02-09,43120.68,44811.35,44052.5,44382.29,736.48606592
2022-02-10,43166.66,45825.15,44382.29,43479.98,985.23212599
2022-02-11,41955.48,43917.17,43487.58,42379.63,806.76388306
2022-02-12,41742.55,43013.51,42366.95,42199.35,412.09587909
2022-02-13,41872.09,42749.62,42184.21,42062.44,420.77241328
2022-02-14,41555.44,42825.2,42063.38,42524.79,696.87840159
2022-02-15,42432.86,44743.9,42539.78,44528.3,649.44000876
2022-02-16,43310.64,44554.49,44554.48,43856.67,469.75008016
2022-02-17,40063.3,44152.18,43867.23,40515.88,982.47099525
2022-02-18,39454.41,40956.95,40513.24,39983.85,890.88182192
2022-02-19,39632.84,40440.92,39957.45,40091.77,263.08083308
2022-02-20,37955.13,40129.4,40081.8,38390.11,501.08204384
2022-02-21,36775.59,39480.66,38382.21,37017.33,1051.6223896
2022-02-22,36343.47,38423.87,37014.07,38241.17,956.77443508
2022-02-23,37056.65,39257.92,38247.44,37255.4,901.10883115
2022-02-24,34323.54,39760.77,37255.96,38329.44,1479.98883036
2022-02-25,38025.08,39677.77,38316.16,39222.89,722.49675351
2022-02-26,38579.15,40312.8,39210.17,39124.1,397.84943072
2022-02-27,36999.0,39845.97,39107.41,37692.51,563.19185947
2022-02-28,37450.27,44198.61,37694.84,43179.1,1015.97592879
2022-03-01,42842.84,44954.54,43168.1,44430.37,795.40683143
2022-03-02,43335.34,45315.23,44430.37,43894.43,616.79095299
2022-03-03,41830.21,44085.65,43887.95,42462.2,554.29742435
2022-03-04,38560.2,42527.43,42465.41,39153.2,736.6912347
2022-03-05,38575.31,39617.45,39147.01,39397.62,402.02906873
2022-03-06,38093.16,39690.0,39392.43,38405.71,642.01279328
2022-03-07,37162.15,39549.48,38393.39,37987.0,792.06252206
2022-03-08,37866.31,39370.68,37990.32,38728.64,911.92135593
2022-03-09,38654.95,42576.34,38704.93,41944.14,871.88853303
2022-03-10,38559.85,42024.1,41951.6,39409.98,1004.55210668
2022-03-11,38228.97,40234.5,39423.06,38742.1,846.01809774
2022-03-12,38664.8,39473.37,38726.28,38808.04,261.77349798
2022-03-13,37583.9,39309.11,38808.42,37768.78,406.31509869
2022-03-14,37561.22,39919.11,37764.88,39665.67,694.17048481
2022-03-15,38114.39,39892.43,39665.03,39276.91,733.50387468
2022-03-16,38834.9,41701.63,39291.52,41126.12,1196.71999611
2022-03-17,40449.93,41477.82,41134.42,40924.82,539.95959432
2022-03-18,40142.56,42333.33,40911.28,41763.72,508.97957398
2022-03-19,41512.0,42403.05,41767.81,42212.78,415.78936284
2022-03-20,40901.19,42282.38,42204.99,41256.38,432.12956699
2022-03-21,40487.05,41545.45,41268.79,41010.07,734.97931633
2022-03-22,40883.33,43343.94,40999.92,42350.33,878.11967002
2022-03-23,41750.0,43023.41,42352.37,42879.26,822.46474559
2022-03-24,42588.91,44219.02,42891.87,43968.79,1036.53610043
2022-03-25,43591.42,45101.32,43958.11,44329.36,766.61475217
2022-03-26,44078.3,44798.65,44334.92,44524.71,237.58705678
2022-03-27,44430.78,46965.29,44520.88,46827.03,545.50064695
2022-03-28,46650.04,48200.0,46817.61,47112.93,804.03370867
2022-03-29,46838.91,48098.2,47118.74,47434.39,595.05513687
2022-03-30,46525.0,47694.45,47410.13,47068.32,496.35018226
2022-03-31,45202.25,47603.21,47047.22,45521.55,736.35288761
2022-04-01,44218.79,46713.66,45559.92,46284.4,754.84196287
2022-04-02,45625.55,47219.0,46276.15,45799.38,368.31321117
2022-04-03,45536.58,47483.11,45856.16,46415.84,533.83918325
2022-04-04,45114.36,46883.88,46418.81,46587.61,575.58592305
2022-04-05,45365.15,47200.0,46576.53,45493.71,580.39357483
2022-04-06,43122.0,45501.95,45488.3,43155.84,1076.29528091
2022-04-07,42741.48,43896.66,43140.0,43442.56,548.0018214
2022-04-08,42102.14,43975.81,43416.66,42236.73,323.54918958
2022-04-09,42121.51,42796.26,42225.83,42703.2,125.23986153
2022-04-10,41882.15,43412.17,42729.62,42140.81,181.04682361
2022-04-11,39207.75,42407.06,42124.48,39532.38,665.54610225
2022-04-12,39255.12,40735.71,39519.62,40103.61,514.96308462
2022-04-13,39586.48,41549.45,40117.19,41081.46,528.4849419
2022-04-14,39566.16,41491.4,41069.23,39942.65,390.24582692
2022-04-15,39768.49,40859.08,39939.19,40547.22,318.3810483
2022-04-16,39997.89,40698.42,40553.32,40386.7,175.77773074
2022-04-17,39550.0,40594.83,40380.45,39674.6,231.83211462
2022-04-18,38540.53,41097.0,39639.89,40798.23,705.14874091
2022-04-19,40570.82,41761.89,40796.32,41486.55,369.34560588
2022-04-20,40858.28,42195.9,41485.54,41373.08,576.02290144
2022-04-21,39774.18,42974.35,41371.18,40474.81,950.36996727
2022-04-22,39177.28,40792.18,40474.81,39712.74,814.36771463
2022-04-23,39290.94,39973.68,39709.01,39418.29,177.09075767
2022-04-24,38978.18,39941.94,39445.81,39450.12,281.13160632
2022-04-25,38200.0,40607.66,39432.43,40431.64,1140.29544165
2022-04-26,37700.0,40794.1,40439.0,38116.22,1216.58097461
2022-04-27,37880.05,39469.66,38122.53,39227.98,1194.77876518
2022-04-28,38885.41,40379.99,39224.23,39764.17,1011.63886147
2022-04-29,38170.71,39919.88,39752.21,38602.48,995.14618805
2022-04-30,37570.1,38793.1,38600.0,37636.49,341.67194036
2022-05-01,37381.09,38678.55,37636.8,38471.85,278.25633517
2022-05-02,38043.92,39164.39,38470.65,38528.52,694.1459329
2022-05-03,37515.2,38653.55,38510.52,37723.31,487.56308467
2022-05-04,37662.32,40039.17,37717.61,39692.84,688.93356725
2022-05-05,35587.89,39841.68,39682.39,36557.97,703.14328283
2022-05-06,35260.23,36671.08,36549.84,36009.72,968.48030055
2022-05-07,34747.8,36134.29,36006.37,35465.3,400.67560241
2022-05-08,33710.74,35503.6,35457.1,34039.14,718.04425791
2022-05-09,30038.14,34250.23,34058.44,30100.13,1941.08235622
2022-05-10,29740.0,32649.2,30078.65,31015.96,2313.11168071
2022-05-11,27804.46,32144.53,31021.41,29124.94,3334.20874933
2022-05-12,26676.57,30226.79,29127.25,29027.85,2706.55445087
2022-05-13,28755.67,31062.13,28980.63,29288.45,658.4460384
2022-05-14,28641.41,30328.76,29301.22,30082.28,408.51449592
2022-05-15,29478.16,31459.92,30092.74,31334.06,392.64790272
2022-05-16,29096.52,31306.88,31298.11,29875.06,900.32910933
2022-05-17,29453.33,30779.88,29886.23,30454.25,563.36862364
2022-05-18,28645.0,30710.79,30445.97,28705.24,351.85244496
2022-05-19,28689.52,30549.25,28727.4,30304.99,491.50819733
2022-05-20,28733.22,30769.43,30297.54,29212.33,303.57391391
2022-05-21,28938.25,29647.61,29220.54,29447.13,120.81253005
2022-05-22,29258.61,30490.0,29465.22,30289.42,246.87097395
2022-05-23,28874.0,30661.67,30289.42,29108.07,561.41796245
2022-05-24,28668.86,29846.31,29105.09,29646.54,461.4003957
2022-05-25,29317.63,30222.67,29640.0,29537.77,736.55442076
2022-05-26,28024.41,29884.03,29546.29,29207.81,1566.25704038
2022-05-27,28284.86,29387.61,29198.36,28636.61,1271.0703697
2022-05-28,28537.02,29256.42,28643.45,29038.63,315.23098178
2022-05-29,28845.7,29595.84,29019.54,29466.78,177.99242058
2022-05-30,29309.69,32231.67,29456.25,31744.89,1156.46635754
2022-05-31,31234.08,32408.86,31741.03,31806.93,856.03332765
2022-06-01,29332.22,31983.61,31814.41,29809.15,1092.97826477
2022-06-02,29593.53,30692.25,29807.81,30475.6,721.51995688
2022-06-03,29284.49,30694.31,30472.2,29704.64,695.52978372
2022-06-04,29485.25,29979.59,29707.59,29885.05,91.6573677
2022-06-05,29526.01,30187.52,29870.73,29915.67,77.36387192
2022-06-06,29891.03,31761.19,29910.0,31374.79,774.00333962
2022-06-07,29228.33,31579.09,31380.0,31122.0,911.97950285
2022-06-08,29850.0,31319.13,31139.28,30207.07,490.72852787
2022-06-09,29943.42,30699.02,30244.35,30101.22,477.24785409
2022-06-10,28844.37,30370.27,30104.73,29095.3,1210.04697444
2022-06-11,28110.0,29440.8,29084.9,28440.15,340.31917471
2022-06-12,26561.21,28525.64,28406.67,26592.99,603.78977705
2022-06-13,21950.0,26879.05,26566.26,22495.79,2844.50409197
2022-06-14,20842.31,23354.5,22475.25,22131.2,1902.98136382
2022-06-15,20109.0,22800.15,22130.92,22577.58,2118.80524178
2022-06-16,20229.28,22983.43,22575.15,20405.54,1474.2591653
2022-06-17,20241.0,21360.0,20400.28,20473.68,851.13319583
2022-06-18,17611.94,20772.81,20450.33,18977.46,1206.00181932
2022-06-19,17956.04,20824.61,18994.73,20572.64,1132.97052394
2022-06-20,19643.56,21066.66,20572.64,20569.06,790.27327877
2022-06-21,20358.0,21722.03,20581.21,20717.76,866.76868572
2022-06-22,19780.17,20893.73,20724.83,19988.0,919.53902691
2022-06-23,19882.75,21232.49,20007.5,21110.35,996.32134515
2022-06-24,20740.39,21551.15,21106.12,21238.22,819.19059884
2022-06-25,20914.18,21620.04,21246.93,21490.28,203.68644049
2022-06-26,20969.95,21878.83,21492.13,21029.86,391.97569613
2022-06-27,20504.74,21533.44,21041.39,20731.83,688.22056664
2022-06-28,20202.98,21208.81,20732.81,20275.07,685.46026294
2022-06-29,19855.0,20437.02,20276.96,20113.32,928.44049813
2022-06-30,18609.14,20164.65,20119.3,19958.25,1351.86879039
2022-07-01,18973.8,20917.32,19947.49,19281.51,1470.2172652
2022-07-02,18983.79,19443.32,19276.74,19255.49,583.53411456
2022-07-03,18782.46,19645.45,19239.63,19314.48,537.85718571
2022-07-04,19054.22,20346.31,19309.75,20238.5,960.03945631
2022-07-05,19307.93,20745.92,20232.66,20180.87,1160.74342257
2022-07-06,19770.52,20670.74,20180.87,20565.36,1194.64811036
2022-07-07,20265.92,21841.6,20567.27,21633.57,775.77124512
2022-07-08,21192.43,22500.27,21648.48,21611.04,1042.33309137
2022-07-09,21336.66,21975.64,21602.8,21592.2,554.57658853
2022-07-10,20653.06,21599.48,21581.58,20857.49,348.94519589
2022-07-11,19885.32,20853.74,20853.74,19960.21,624.96103359
2022-07-12,19251.75,20050.56,19965.53,19337.63,734.97308991
2022-07-13,18916.0,20356.04,19349.0,20247.51,1488.57306297
2022-07-14,19628.83,20896.55,20238.83,20595.99,1230.41666037
2022-07-15,20386.59,21193.0,20592.63,20835.72,644.76981
2022-07-16,20474.1,21577.29,20848.79,21203.09,504.05376498
2022-07-17,20755.74,21676.42,21197.54,20790.29,478.62685443
2022-07-18,20769.52,22773.06,20804.24,22437.64,1162.84147666
2022-07-19,21583.37,23801.38,22447.72,23397.7,2694.87929386
2022-07-20,22925.38,24268.57,23394.31,23211.23,2609.37106496
2022-07-21,22344.01,23422.83,23214.24,23146.82,2102.48122866
2022-07-22,22502.91,23755.5,23153.16,22681.93,1446.53081218
2022-07-23,21948.42,22995.55,22681.93,22452.85,1220.86220036
2022-07-24,22273.25,23007.72,22455.58,22575.22,468.64612881
2022-07-25,21212.83,22660.6,22580.0,21304.42,1660.39231566
2022-07-26,20725.53,21346.32,21311.68,21250.13,1505.55327233
2022-07-27,21045.99,23103.38,21263.4,22961.23,2947.39030066
2022-07-28,22586.2,24198.28,22961.23,23845.77,2145.29148426
2022-07-29,23424.44,24447.96,23845.73,23773.4,1423.56953396
2022-07-30,23515.04,24694.4,23785.36,23623.56,851.10767458
2022-07-31,23234.29,24189.78,23626.35,23288.13,642.31072314
2022-08-01,22850.01,23500.0,23290.61,23270.74,681.64020024
2022-08-02,22658.94,23450.0,23273.72,22984.42,781.97682802
2022-08-03,22688.0,23653.99,22989.59,22807.91,860.96786107
2022-08-04,22391.5,23216.24,22805.27,22617.43,809.1593202
2022-08-05,22592.85,23466.13,22617.61,23314.99,633.35789598
2022-08-06,22916.74,23351.32,23312.92,22954.95,100.67021198
2022-08-07,22850.0,23398.44,22945.8,23174.95,124.14382253
2022-08-08,23159.47,24239.26,23174.95,23817.54,451.46566799
2022-08-09,22858.0,23923.69,23815.79,23144.88,339.26987431
2022-08-10,22660.0,24220.45,23144.88,23957.74,791.69811208
2022-08-11,23859.09,24928.64,23947.6,23938.75,518.48029722
2022-08-12,23595.77,24447.43,23938.75,24403.49,263.82379829
2022-08-13,24301.77,24883.65,24403.49,24438.38,191.9356878
2022-08-14,24156.35,25039.03,24442.98,24307.36,222.27967229
2022-08-15,23776.23,25201.06,24309.54,24096.99,392.55952835
2022-08-16,23676.3,24237.82,24094.57,23863.6,379.31302602
2022-08-17,23183.75,24440.25,23867.68,23332.48,459.6983349
2022-08-18,23117.27,23597.62,23332.48,23198.17,211.45901376
2022-08-19,20780.67,23201.03,23196.87,20837.11,674.36107683
2022-08-20,20774.46,21367.38,20846.18,21148.62,365.03288846
2022-08-21,21076.68,21783.47,21148.62,21511.13,219.91219743
2022-08-22,20895.61,21537.25,21512.29,21399.83,439.26081578
2022-08-23,20895.16,21678.96,21401.97,21531.31,240.87365656
2022-08-24,21155.31,21893.17,21533.95,21365.31,345.18598531
2022-08-25,21311.13,21816.97,21365.31,21559.68,224.41395953
2022-08-26,20118.81,21868.82,21526.84,20231.72,555.39911886
2022-08-27,19781.97,20372.28,20220.92,20008.79,242.77271986
2022-08-28,19521.64,20154.98,20001.89,19553.35,168.71621162
2022-08-29,19559.24,20423.19,19561.45,20297.48,304.46608345
2022-08-30,19544.18,20569.42,20285.83,19823.35,314.49927795
2022-08-31,19819.01,20491.18,19832.64,20013.73,358.01952335
2022-09-01,19570.42,20200.0,20045.85,20101.3,301.13123338
2022-09-02,19757.03,20433.68,20089.09,19953.68,415.21236158
2022-09-03,19657.51,20054.92,19953.68,19832.89,98.12194767
2022-09-04,19597.6,20021.36,19832.89,19999.06,174.53803448
2022-09-05,19641.0,20055.65,20013.09,19806.24,296.75398409
2022-09-06,18624.64,20169.25,19806.6,18795.36,956.8098505
2022-09-07,18532.73,19455.66,18797.82,19306.27,597.39221457
2022-09-08,19019.86,19450.48,19286.94,19315.66,768.65995895
2022-09-09,19310.57,21620.68,19319.45,21374.96,1190.31580697
2022-09-10,21128.81,21811.38,21366.39,21655.21,291.43687563
2022-09-11,21352.38,21867.14,21657.14,21852.26,279.65332284
2022-09-12,21544.62,22481.1,21810.48,22389.93,767.12749073
2022-09-13,19877.8,22789.98,22394.78,20164.1,1113.80399975
2022-09-14,19615.71,20531.33,20162.92,20189.12,743.75920777
2022-09-15,19500.0,20327.17,20211.13,19701.0,596.50299407
2022-09-16,19325.01,20355.03,19704.35,19803.37,659.3855819
2022-09-17,19753.13,20182.83,19794.9,20113.28,305.47189708
2022-09-18,19333.7,20098.41,20085.97,19414.18,319.30209217
2022-09-19,18250.0,19679.94,19424.59,19531.07,980.58656679
2022-09-20,18726.11,19631.78,19528.95,18884.48,1266.31760061
2022-09-21,18150.0,20373.19,18871.12,18458.36,1494.60836957
2022-09-22,18362.89,19521.81,18451.66,19403.41,1990.87890052
2022-09-23,18530.85,19499.04,19400.57,19282.26,1088.38439697
2022-09-24,18808.4,19309.93,19303.84,18920.31,447.68929351
2022-09-25,18632.24,19184.19,18929.77,18810.88,560.4466377
2022-09-26,18685.0,19314.46,18810.55,19228.12,1647.96163056
2022-09-27,18817.84,20384.54,19226.37,19080.72,2759.11822927
2022-09-28,18476.0,19775.0,19082.86,19420.67,1690.64627551
2022-09-29,18850.0,19643.37,19418.08,19593.76,1222.13892369
2022-09-30,19146.8,20180.0,19599.42,19417.14,1594.09562398
2022-10-01,19164.72,19475.0,19412.59,19302.65,370.36249967
2022-10-02,18921.57,19390.0,19298.37,19064.28,788.0550944
2022-10-03,18963.88,19718.63,19059.48,19627.94,2117.49836278
2022-10-04,19483.5,20470.37,19624.86,20339.02,2302.50948399
2022-10-05,19729.66,20363.77,20339.02,20150.51,2015.88158689
2022-10-06,19857.01,20449.54,20146.15,19956.11,3130.43727214
2022-10-07,19324.49,20059.12,19951.37,19530.83,1975.46030966
2022-10-08,19241.03,19625.0,19523.68,19412.2,810.4316987
2022-10-09,19321.75,19557.85,19415.92,19435.85,796.65530707
2022-10-10,19023.85,19525.0,19432.56,19125.94,1778.09110622
2022-10-11,18861.61,19266.56,19123.0,19060.65,2468.30574559
2022-10-12,18966.91,19236.25,19057.33,19149.99,1378.81663668
2022-10-13,18150.0,19514.8,19152.71,19372.76,3933.72912217
2022-10-14,19072.2,19951.95,19372.89,19177.53,2734.51390516
2022-10-15,18979.85,19222.3,19179.98,19068.22,498.14500009
2022-10-16,19070.24,19417.83,19071.38,19258.18,662.7898339
2022-10-17,19157.6,19675.15,19272.7,19543.51,1815.51978936
2022-10-18,19093.99,19705.98,19554.74,19319.73,1508.27797526
2022-10-19,19066.64,19357.49,19319.71,19124.91,896.4185958
2022-10-20,18904.36,19354.0,19124.07,19045.52,1520.838935
2022-10-21,18650.0,19250.0,19042.67,19165.63,1194.77117546
2022-10-22,19117.74,19258.31,19169.46,19207.62,251.28909093
2022-10-23,19075.5,19693.55,19207.62,19570.37,757.37499169
2022-10-24,19159.0,19600.4,19572.44,19328.92,1106.33826575
2022-10-25,19241.53,20413.97,19332.19,20088.28,1924.46007987
2022-10-26,20052.18,21016.28,20093.93,20766.56,2227.58276898
2022-10-27,20200.0,20869.8,20763.83,20295.22,1855.73606327
2022-10-28,19986.0,20749.0,20297.98,20590.04,1747.97986405
2022-10-29,20557.06,21084.51,20591.28,20805.55,800.84632416
2022-10-30,20516.31,20930.34,20808.95,20631.53,415.24648985
2022-10-31,20242.17,20834.43,20632.67,20474.17,712.27646558
2022-11-01,20320.44,20691.95,20469.1,20482.55,757.31195519
2022-11-02,20059.04,20802.4,20481.04,20148.38,1240.05685365
2022-11-03,20035.0,20398.21,20151.65,20210.17,837.15252622
2022-11-04,20183.37,21302.94,20208.32,21146.85,1584.26111431
2022-11-05,21089.57,21476.03,21153.25,21298.6,451.44386429
2022-11-06,20888.55,21361.94,21301.41,20908.07,333.27025343
2022-11-07,20387.65,21062.98,20906.94,20587.75,686.11278111
2022-11-08,17008.0,20681.33,20576.64,18540.46,2717.13298527
2022-11-09,15559.3,18586.4,18539.23,15905.51,2922.91277923
2022-11-10,15772.79,18198.23,15931.49,17598.05,3119.00554918
2022-11-11,16367.87,17692.84,17580.83,17067.7,1771.20599594
2022-11-12,16638.79,17106.37,17049.84,16809.48,863.51406971
2022-11-13,16239.31,16952.6,16803.48,16327.76,827.40036533
2022-11-14,15817.02,17195.33,16322.79,16615.95,1778.62011427
2022-11-15,16527.21,17124.38,16597.79,16893.34,1750.38790315
2022-11-16,16374.19,17013.66,16895.43,16662.57,1628.7759027
2022-11-17,16410.66,16750.0,16665.49,16693.02,937.49311091
2022-11-18,16550.98,17000.0,16693.02,16699.81,908.79922437
2022-11-19,16554.79,16820.82,16696.71,16702.85,514.46206364
2022-11-20,16181.8,16751.08,16704.21,16277.43,768.70765319
2022-11-21,15477.17,16316.92,16274.31,15778.08,2697.20383873
2022-11-22,15616.67,16311.45,15790.32,16213.71,1422.31341975
2022-11-23,16164.99,16709.81,16222.62,16608.27,1663.20029953
2022-11-24,16463.67,16815.04,16606.24,16599.54,1647.28130366
2022-11-25,16347.86,16622.7,16601.34,16519.97,2266.93937916
2022-11-26,16385.41,16701.16,16523.39,16451.12,1047.15882054
2022-11-27,16402.24,16598.95,16454.5,16429.92,815.90439861
2022-11-28,15999.0,16483.95,16427.79,16214.08,3317.51639697
2022-11-29,16099.73,16543.88,16212.47,16440.57,2215.59249156
2022-11-30,16427.59,17247.92,16441.48,17165.67,3043.42643663
2022-12-01,16861.82,17330.36,17162.31,16979.99,1665.14186655
2022-12-02,16782.68,17102.81,16976.36,17093.82,1516.83837805
2022-12-03,16861.45,17158.34,17095.38,16886.69,970.93645051
2022-12-04,16881.32,17202.83,16882.94,17108.14,845.44836549
2022-12-05,16869.97,17420.27,17104.69,16966.96,1966.99930781
2022-12-06,16907.98,17106.02,16968.13,17090.0,1663.12100738
2022-12-07,16673.35,17138.75,17092.05,16836.65,1404.92290376
2022-12-08,16737.85,17298.06,16838.07,17223.44,1469.96865359
2022-12-09,17066.91,17361.27,17223.69,17129.93,974.47638528
2022-12-10,17094.17,17226.81,17127.51,17125.72,481.24872049
2022-12-11,17073.42,17266.56,17125.1,17087.24,611.9617014
2022-12-12,16875.13,17240.78,17085.12,17211.56,1188.44103745
2022-12-13,17082.68,18012.0,17212.25,17777.37,2656.65648078
2022-12-14,17662.2,18383.73,17775.38,17803.45,3357.47841234
2022-12-15,17272.93,17852.81,17805.52,17359.3,2211.30597154
2022-12-16,16531.31,17524.22,17357.48,16628.87,2672.34554102
2022-12-17,16581.44,16791.44,16630.68,16779.42,1286.28860386
2022-12-18,16667.86,16845.0,16782.51,16745.77,378.96293083
2022-12-19,16265.0,16815.83,16743.63,16442.04,1267.69897891
2022-12-20,16398.9,17053.21,16437.56,16898.57,1874.89755783
2022-12-21,16732.81,16919.51,16897.94,16828.55,967.84564098
2022-12-22,16563.48,16868.03,16822.45,16819.63,796.87086674
2022-12-23,16741.52,16950.0,16822.17,16777.69,869.72481028
2022-12-24,16779.28,16863.28,16779.28,16834.97,516.74742569
2022-12-25,16722.6,16853.0,16834.24,16832.56,258.98294636
2022-12-26,16793.32,16942.79,16832.07,16920.09,314.19121089
2022-12-27,16593.87,16969.61,16920.43,16707.73,804.16645558
2022-12-28,16468.69,16785.29,16702.27,16549.15,1107.37550914
2022-12-29,16491.14,16662.11,16547.89,16634.11,776.5182216
2022-12-30,16340.0,16669.97,16636.01,16608.96,1202.55760891
2022-12-31,16472.82,16643.31,16608.96,16542.49,264.40054694
2023-01-01,16499.03,16624.03,16541.16,16618.25,186.05487191
2023-01-02,16550.47,16793.73,16621.31,16674.64,560.13654547
2023-01-03,16607.28,16776.17,16669.91,16675.13,877.29221624
2023-01-04,16653.48,16989.0,16676.28,16851.55,1537.12577401
2023-01-05,16755.98,16878.57,16854.64,16832.64,677.57494191
2023-01-06,16683.57,17034.18,16830.47,16954.37,734.48083476
2023-01-07,16908.82,16980.23,16954.37,16947.07,156.98031905
2023-01-08,16912.14,17173.99,16949.22,17129.39,373.84356264
2023-01-09,17106.66,17396.0,17130.95,17179.43,1148.27877989
2023-01-10,17146.91,17492.64,17180.2,17442.12,940.41886231
2023-01-11,17318.85,18003.7,17440.61,17942.37,994.7368185
2023-01-12,17706.96,19113.92,17951.36,18844.07,2819.81215398
2023-01-13,18717.17,20003.05,18844.05,19928.51,2263.4428122
2023-01-14,19894.21,21338.13,19930.3,20952.09,2430.54466226
2023-01-15,20557.56,21048.5,20959.3,20872.91,1148.61131826
2023-01-16,20628.37,21455.0,20868.1,21180.2,2950.42483304
2023-01-17,20851.35,21600.64,21184.1,21131.34,1775.13409341
2023-01-18,20393.2,21662.2,21129.51,20676.35,2197.21183396
2023-01-19,20658.19,21189.28,20677.61,21081.5,1567.9476086
2023-01-20,20869.06,22750.0,21083.64,22671.99,3254.81252495
2023-01-21,22424.89,23360.02,22669.24,22776.83,2123.08990653
2023-01-22,22301.01,23078.01,22784.95,22706.16,1988.16225536
2023-01-23,22493.15,23180.35,22713.15,22919.47,2318.24682445
2023-01-24,22458.79,23159.24,22914.14,22621.91,3389.64585686
2023-01-25,22326.94,23816.57,22620.67,23055.33,3261.29326561
2023-01-26,22855.36,23275.72,23063.67,23004.1,2045.15272388
2023-01-27,22543.37,23505.54,23010.15,23066.36,2194.49574446
2023-01-28,22881.38,23183.49,23064.69,23023.46,370.3254487
2023-01-29,22971.39,23957.61,23024.1,23746.25,1110.55117327
2023-01-30,22461.24,23800.12,23742.05,22824.86,2449.06679748
2023-01-31,22721.07,23309.84,22828.2,23126.88,1706.20477938
2023-02-01,22774.0,23819.61,23128.07,23735.04,1563.52926218
2023-02-02,23366.01,24260.38,23739.91,23489.15,957.9118796
2023-02-03,23212.9,23713.81,23492.22,23427.2,808.56144025
2023-02-04,23260.07,23584.93,23421.28,23330.87,293.97742832
2023-02-05,22755.08,23427.75,23319.83,22933.42,573.09033298
2023-02-06,22632.18,23155.96,22921.81,22761.57,1072.3271461
2023-02-07,22749.23,23350.36,22762.52,23243.79,856.99918101
2023-02-08,22671.07,23446.66,23244.26,22960.46,554.76247702
2023-02-09,21696.52,23003.63,22964.48,21802.39,1592.96277795
2023-02-10,21452.35,21936.09,21792.51,21629.41,820.11496891
2023-02-11,21602.61,21901.14,21630.44,21863.86,246.81803919
2023-02-12,21635.05,22090.35,21864.07,21783.82,535.1568302
2023-02-13,21351.62,21890.53,21787.79,21776.67,926.62488471
2023-02-14,21540.84,22316.82,21773.48,22201.64,982.15585519
2023-02-15,22050.43,24383.39,22195.48,24340.74,1631.88496066
2023-02-16,23511.87,25252.01,24344.38,23515.23,2142.96959224
2023-02-17,23350.0,25017.47,23517.02,24568.73,1892.42098881
2023-02-18,24437.7,24868.43,24566.76,24625.43,510.77720954
2023-02-19,24195.0,25185.56,24620.84,24272.97,997.16797334
2023-02-20,23836.0,25118.28,24273.87,24839.16,1210.49384963
2023-02-21,24153.36,25289.18,24840.34,24444.84,1029.54225458
2023-02-22,23580.44,24472.74,24445.85,24185.5,1047.95382347
2023-02-23,23610.16,24594.53,24185.37,23938.93,1115.50277601
2023-02-24,22840.88,24127.6,23940.8,23181.43,961.0508276
2023-02-25,22741.45,23213.92,23183.52,23158.56,368.84268924
2023-02-26,23062.18,23684.0,23155.14,23553.27,321.1819071
2023-02-27,23112.31,23893.1,23555.8,23488.67,778.5581282
2023-02-28,23025.61,23597.1,23489.39,23139.27,503.1587299
2023-03-01,23022.61,24000.0,23143.31,23629.21,596.04393649
2023-03-02,23195.03,23791.72,23629.6,23469.02,377.24342202
2023-03-03,21970.54,23475.31,23469.03,22345.46,943.09275311
2023-03-04,22167.14,22410.0,22341.15,22341.0,89.42319991
2023-03-05,22200.0,22652.39,22345.46,22422.49,189.70358164
2023-03-06,22260.27,22598.27,22418.11,22411.03,316.70185452
2023-03-07,21931.0,22553.59,22411.04,22199.99,502.90892698
2023-03-08,21561.01,22280.51,22194.29,21706.89,531.75564685
2023-03-09,20044.88,21834.71,21713.54,20369.09,688.70461421
2023-03-10,19562.97,20361.68,20361.15,20150.04,1121.91658682
2023-03-11,19776.01,20682.53,20154.15,20458.94,1076.50963473
2023-03-12,20267.33,22118.66,20455.13,22022.01,810.0311873
2023-03-13,21813.93,24577.07,22030.76,24120.15,1337.09206829
2023-03-14,23980.84,26386.3,24136.62,24677.79,1480.43658022
2023-03-15,23450.0,25175.49,24676.36,24281.65,1814.95523957
2023-03-16,24126.39,25166.02,24276.4,25004.97,1170.06310248
2023-03-17,24892.83,27748.42,24990.03,27389.95,2020.40492101
2023-03-18,26568.61,27720.23,27396.75,26914.32,915.10085991
2023-03-19,26829.0,28389.08,26922.74,27972.53,812.62034523
2023-03-20,27131.65,28468.81,27968.43,27718.0,903.31168048
2023-03-21,27308.0,28433.33,27725.65,28112.13,555.18154689
2023-03-22,26611.11,29100.0,28101.05,27250.05,1073.40721096
2023-03-23,27123.75,28752.39,27248.42,28286.65,1009.21314895
2023-03-24,26994.0,28373.91,28298.17,27460.19,926.65909484
2023-03-25,27158.24,27789.36,27462.14,27462.69,214.49158713
2023-03-26,27417.22,28199.28,27461.56,27966.39,333.01649424
2023-03-27,26511.52,28023.53,27963.46,27126.87,718.95234424
2023-03-28,26626.93,27522.31,27130.02,27268.1,700.65484399
2023-03-29,27244.38,28645.09,27271.51,28354.42,1055.23441638
2023-03-30,27685.83,29180.05,28351.37,28029.05,1464.79653531
2023-03-31,27509.0,28650.0,28022.0,28467.63,852.44708012
2023-04-01,28217.25,28815.26,28467.63,28457.25,255.52908531
2023-04-02,27850.01,28522.25,28459.02,28167.55,245.28115311
2023-04-03,27211.8,28531.53,28177.49,27807.52,1097.52526386
2023-04-04,27669.72,28442.15,27805.67,28162.49,817.86295066
2023-04-05,27809.39,28780.9,28171.54,28177.72,726.41655589
2023-04-06,27708.67,28186.48,28164.63,28024.01,492.65365515
2023-04-07,27776.81,28105.2,28033.4,27906.44,221.2671858
2023-04-08,27860.56,28157.12,27911.46,27939.92,156.45528587
2023-04-09,27795.86,28526.56,27944.44,28320.87,268.31675542
2023-04-10,28168.24,29767.12,28326.9,29643.4,816.75840238
2023-04-11,29595.92,30558.34,29640.93,30199.68,807.62284396
2023-04-12,29650.55,30477.44,30196.71,29887.53,570.88805282
2023-04-13,29853.52,30593.46,29892.96,30383.14,514.03752802
2023-04-14,29969.67,31025.51,30381.01,30463.67,1102.22308638
2023-04-15,30208.61,30594.67,30462.85,30296.91,215.08899032
2023-04-16,30122.44,30550.0,30298.28,30304.31,229.60769045
2023-04-17,29226.81,30315.06,30304.26,29432.01,661.99523568
2023-04-18,29100.0,30490.3,29434.77,30377.66,892.98495575
2023-04-19,28575.73,30413.47,30381.38,28798.68,2196.78001364
2023-04-20,27997.8,29089.31,28795.42,28247.32,1160.35740824
2023-04-21,27128.08,28367.51,28249.17,27263.64,1913.50735009
2023-04-22,27149.33,27882.05,27263.01,27818.69,380.52736373
2023-04-23,27322.24,27818.85,27818.85,27588.84,389.52382925
2023-04-24,26957.0,28003.25,27592.14,27509.65,674.44811776
2023-04-25,27193.59,28391.58,27512.07,28302.26,911.24728967
2023-04-26,27242.49,30030.95,28305.85,28417.34,2256.81367353
2023-04-27,28383.67,29890.0,28422.38,29481.88,2489.02941524
2023-04-28,28888.01,29590.89,29479.42,29310.57,1173.5291221
2023-04-29,29031.43,29444.62,29314.42,29230.36,352.47174833
2023-04-30,29086.99,29960.0,29230.92,29204.15,542.50952447
2023-05-01,27668.86,29335.58,29233.89,28068.52,1624.23924651
2023-05-02,27875.4,28886.36,28069.21,28670.88,1258.61980259
2023-05-03,28108.6,29258.71,28668.68,29028.73,1452.35552998
2023-05-04,28664.45,29382.69,29034.91,28843.0,1029.31621289
2023-05-05,28800.31,29680.0,28843.0,29511.42,1306.33633838
2023-05-06,28357.22,29829.47,29507.19,28846.82,616.12828234
2023-05-07,28395.18,29131.73,28850.74,28430.86,680.62124475
2023-05-08,27263.78,28629.96,28429.35,27665.75,1621.29908933
2023-05-09,27356.31,27819.38,27674.34,27639.47,860.15487637
2023-05-10,26769.01,28315.02,27634.82,27594.55,1761.37496177
2023-05-11,26704.92,27634.27,27601.1,26971.03,1590.08111769
2023-05-12,25805.56,27088.89,26972.51,26790.78,1328.45476071
2023-05-13,26690.07,27058.71,26797.98,26774.21,356.01822435
2023-05-14,26569.02,27204.43,26775.63,26919.96,423.9547578
2023-05-15,26729.04,27659.99,26919.95,27162.83,866.4982787
2023-05-16,26850.0,27298.56,27160.62,27031.71,683.94246645
2023-05-17,26534.16,27504.74,27034.47,27404.85,737.76583032
2023-05-18,26362.57,27478.59,27408.71,26817.61,933.73799904
2023-05-19,26638.44,27184.12,26820.94,26883.4,529.81153652
2023-05-20,26828.88,27148.45,26884.33,27103.83,195.39245338
2023-05-21,26663.31,27279.0,27105.32,26746.2,311.61449275
2023-05-22,26536.82,27095.69,26746.75,26848.5,743.44103402
2023-05-23,26797.19,27496.6,26851.66,27218.48,560.412964
2023-05-24,26073.85,27223.26,27223.26,26335.89,1198.30136393
2023-05-25,25873.41,26625.8,26326.66,26475.61,680.80320235
2023-05-26,26331.42,26934.72,26476.95,26710.9,483.44592644
2023-05-27,26550.0,26894.97,26705.41,26858.36,182.96738779
2023-05-28,26775.89,28271.94,26859.82,28061.1,712.56744814
2023-05-29,27530.82,28451.62,28065.95,27736.96,673.3973878
2023-05-30,27552.65,28040.51,27736.03,27692.21,502.43354671
2023-05-31,26841.45,27838.36,27695.15,27214.24,990.91976536
2023-06-01,26611.84,27351.09,27215.1,26808.99,567.30916768
2023-06-02,26500.0,27300.5,26821.66,27236.02,531.1044788
2023-06-03,26918.47,27330.65,27244.95,27070.22,133.29307098
2023-06-04,26951.76,27455.99,27070.24,27122.24,290.72264176
2023-06-05,25391.74,27128.6,27115.36,25748.65,1328.96113461
2023-06-06,25341.09,27358.29,25717.89,27228.2,1873.7114604
2023-06-07,26127.66,27397.02,27237.81,26345.6,1198.90739898
2023-06-08,26213.99,26815.92,26345.81,26503.17,967.51724857
2023-06-09,26277.74,26781.87,26503.96,26483.65,986.24497017
2023-06-10,25360.15,26529.94,26484.75,25840.78,1681.79704398
2023-06-11,25637.8,26203.88,25843.54,25927.79,616.86840473
2023-06-12,25606.54,26104.47,25929.86,25908.37,983.88866015
2023-06-13,25718.62,26437.44,25907.69,25934.73,1386.39113723
2023-06-14,24821.07,26106.66,25932.5,25129.71,1241.12209904
2023-06-15,24801.0,25770.4,25130.79,25595.64,1513.34766358
2023-06-16,25188.0,26519.36,25597.24,26350.33,1666.11751823
2023-06-17,26183.66,26826.97,26350.33,26516.52,899.16109443
2023-06-18,26258.68,26701.39,26519.48,26342.23,708.93519974
2023-06-19,26258.98,27070.86,26346.91,26842.43,1261.24479497
2023-06-20,26653.34,28404.56,26850.12,28304.77,2504.2747433
2023-06-21,28260.66,30798.33,28309.94,29993.8,3951.80265776
2023-06-22,29543.71,30505.74,29994.81,29885.23,2208.89702395
2023-06-23,29798.24,31447.12,29883.95,30688.34,2438.21579647
2023-06-24,30253.61,30797.91,30691.36,30531.16,620.79686696
2023-06-25,30279.0,31042.15,30534.47,30466.12,773.98866703
2023-06-26,29925.0,30663.75,30469.46,30270.46,1113.26915662
2023-06-27,30228.14,31016.21,30269.67,30694.36,1600.98497312
2023-06-28,29832.78,30709.2,30695.21,30080.65,1179.91517941
2023-06-29,30046.81,30838.39,30077.38,30451.22,1261.17210306
2023-06-30,29439.98,31294.02,30454.55,30473.62,3711.89648893
2023-07-01,30321.39,30665.07,30474.67,30590.47,224.4909561
2023-07-02,30163.35,30800.66,30590.48,30616.25,413.59708967
2023-07-03,30571.79,31388.0,30617.78,31162.25,597.11733088
2023-07-04,30624.17,31325.0,31162.03,30763.85,667.24660031
2023-07-05,30193.81,30881.36,30769.27,30507.15,447.48678881
2023-07-06,29845.9,31535.0,30501.73,29899.54,1831.37626255
2023-07-07,29713.38,30459.78,29892.38,30345.24,2224.75744586
2023-07-08,30047.72,30386.74,30350.26,30286.56,701.07419054
2023-07-09,30065.71,30446.24,30289.6,30161.2,563.43167281
2023-07-10,29950.57,31039.77,30165.78,30413.86,2809.97987412
2023-07-11,30304.02,30815.47,30415.05,30621.69,1883.02756784
2023-07-12,30209.48,30990.77,30623.29,30381.97,1922.10397882
2023-07-13,30253.96,31821.28,30384.42,31458.46,2861.07023612
2023-07-14,29900.21,31640.24,31456.03,30309.94,2012.99609576
2023-07-15,30237.87,30392.35,30316.63,30290.0,170.95790752
2023-07-16,30060.46,30441.95,30294.03,30227.91,512.37325153
2023-07-17,29650.0,30330.23,30234.07,30133.51,1378.29530874
2023-07-18,29522.0,30241.98,30140.4,29858.8,1759.03491464
2023-07-19,29762.09,30187.96,29859.01,29908.21,1200.10261053
2023-07-20,29560.7,30420.17,29913.56,29809.33,2175.24553717
2023-07-21,29726.97,30061.32,29808.53,29901.62,1303.26559363
2023-07-22,29624.17,29996.83,29903.35,29779.73,540.86639399
2023-07-23,29726.43,30351.45,29789.12,30081.29,1097.17909821
2023-07-24,28867.18,30099.97,30082.52,29177.44,2550.20775432
2023-07-25,29050.14,29374.69,29177.61,29225.92,1085.15709727
2023-07-26,29083.9,29681.89,29225.74,29352.32,1781.99432852
2023-07-27,29081.61,29569.97,29349.93,29220.87,969.79757403
2023-07-28,29126.56,29542.06,29220.88,29310.65,1263.78839652
2023-07-29,29251.62,29409.09,29311.77,29351.84,373.75002631
2023-07-30,29032.17,29449.58,29352.39,29278.48,475.70932343
2023-07-31,29114.62,29527.63,29284.16,29235.39,1091.99690564
2023-08-01,28583.69,29740.81,29234.21,29713.17,3650.26001553
2023-08-02,28929.68,30043.61,29723.72,29184.42,2772.55911394
2023-08-03,28967.99,29431.55,29181.29,29193.18,1370.82297541
2023-08-04,28798.35,29336.0,29193.18,29115.51,999.10278718
2023-08-05,28981.41,29152.74,29117.03,29072.16,195.96665979
2023-08-06,28992.62,29203.53,29072.58,29086.46,237.82574355
2023-08-07,28699.98,29285.98,29083.35,29219.45,1376.4459377
2023-08-08,29147.31,30235.72,29216.92,29771.34,1472.16914182
2023-08-09,29374.29,30138.0,29774.32,29578.33,1450.91266593
2023-08-10,29334.11,29734.71,29586.04,29457.52,864.98121034
2023-08-11,29250.0,29566.76,29459.78,29430.13,914.86713274
2023-08-12,29380.24,29484.72,29429.44,29432.43,106.59013592
2023-08-13,29268.18,29461.96,29433.07,29306.53,140.54200845
2023-08-14,29098.9,29695.28,29306.19,29433.26,829.99361016
2023-08-15,29076.6,29495.38,29432.99,29204.89,649.93616552
2023-08-16,28721.62,29259.86,29201.83,28729.44,1140.69398898
2023-08-17,25122.13,28782.72,28733.39,26627.93,3388.67595082
2023-08-18,25618.71,26831.76,26627.16,26051.99,2732.51635303
2023-08-19,25807.8,26275.8,26056.75,26095.51,556.66752424
2023-08-20,25977.29,26302.72,26103.67,26191.72,334.11359696
2023-08-21,25814.71,26256.03,26191.92,26120.17,872.83718829
2023-08-22,25350.0,26140.52,26128.9,26046.46,1385.38145482
2023-08-23,25816.2,26821.5,26059.07,26437.79,1193.97318929
2023-08-24,25867.75,26572.0,26432.97,26180.96,758.29979959
2023-08-25,25777.2,26302.72,26181.93,26062.36,535.82635616
2023-08-26,25988.69,26127.16,26064.06,26023.13,81.58579306
2023-08-27,25973.66,26182.43,26020.25,26103.02,126.09916384
2023-08-28,25862.89,26254.3,26103.11,26119.96,702.77793735
2023-08-29,25923.33,28159.59,26120.51,27720.7,1713.86421561
2023-08-30,27021.63,27771.67,27730.4,27302.87,1436.83300765
2023-08-31,25671.89,27585.09,27304.78,25934.86,2285.92255202
2023-09-01,25324.33,26156.43,25940.44,25812.09,1805.42341378
2023-09-02,25751.71,25984.84,25809.24,25870.33,423.94010249
2023-09-03,25803.25,26134.44,25870.1,25967.38,417.43607131
2023-09-04,25630.09,26096.43,25976.27,25828.54,877.05368389
2023-09-05,25561.44,25906.79,25830.33,25795.24,1209.42700176
2023-09-06,25378.2,26046.59,25793.34,25775.14,1180.62446965
2023-09-07,25616.78,26449.25,25764.22,26275.41,1951.93830118
2023-09-08,25649.59,26468.0,26276.49,25906.27,1831.43315913
2023-09-09,25800.0,25944.71,25917.19,25905.09,463.26304136
2023-09-10,25573.59,26033.9,25908.82,25845.59,874.26497271
2023-09-11,24897.43,25900.78,25845.6,25167.94,2483.48513438
2023-09-12,25134.79,26556.2,25163.52,25843.95,2941.63074007
2023-09-13,25764.55,26407.42,25843.96,26220.31,1788.02150119
2023-09-14,26124.23,26861.88,26223.58,26525.7,1718.84439924
2023-09-15,26222.0,26894.71,26529.18,26607.19,887.39271686
2023-09-16,26449.43,26775.11,26604.81,26564.72,304.96205123
2023-09-17,26400.0,26619.56,26567.01,26518.03,276.8092893
2023-09-18,26373.49,27417.79,26528.15,26765.54,1808.06337542
2023-09-19,26666.0,27494.65,26760.92,27203.14,1571.26013252
2023-09-20,26795.23,27386.31,27215.32,27130.46,1055.51547595
2023-09-21,26368.27,27158.48,27126.76,26566.76,1177.15088748
2023-09-22,26483.41,26744.09,26568.28,26581.15,458.50778434
2023-09-23,26512.91,26633.67,26580.69,26575.71,118.65508758
2023-09-24,26127.66,26731.37,26577.41,26252.45,309.42772436
2023-09-25,25992.24,26452.0,26247.49,26302.73,689.98732661
2023-09-26,26087.35,26396.71,26304.2,26220.78,422.62771809
2023-09-27,26110.57,26866.09,26222.91,26371.14,991.41051621
2023-09-28,26346.39,27314.67,26373.6,27018.89,1300.05418225
2023-09-29,26669.75,27240.71,27029.69,26911.33,934.48058814
2023-09-30,26887.69,27097.07,26909.35,26963.89,167.16012686
2023-10-01,26954.98,28111.31,26958.89,27992.63,678.69847231
2023-10-02,27292.43,28582.82,28000.47,27497.61,2155.95845232
2023-10-03,27170.46,27673.13,27499.77,27427.31,705.52581618
2023-10-04,27210.28,27840.49,27429.76,27790.88,690.66088821
2023-10-05,27349.01,28125.74,27786.8,27411.56,790.69163545
2023-10-06,27174.84,28281.88,27414.46,27931.63,979.23022759
2023-10-07,27846.67,28024.92,27931.09,27954.72,319.0138327
2023-10-08,27693.79,28090.47,27959.74,27925.47,396.7138949
2023-10-09,27268.01,27985.97,27920.87,27586.43,662.7772537
2023-10-10,27295.92,27736.18,27590.18,27387.59,486.37109019
2023-10-11,26535.77,27476.07,27393.31,26882.85,1164.88632917
2023-10-12,26552.46,26942.89,26878.82,26762.66,456.02542824
2023-10-13,26676.21,27132.53,26764.02,26861.14,588.40509193
2023-10-14,26790.01,26995.66,26870.78,26859.47,101.52053177
2023-10-15,26806.59,27299.17,26853.43,27167.34,286.67086206
2023-10-16,27119.68,30197.25,27171.51,28509.58,1911.34587925
2023-10-17,28069.22,28611.26,28507.71,28401.15,507.47939159
2023-10-18,28139.58,28982.08,28400.04,28321.18,467.03974334
2023-10-19,28113.87,28928.17,28325.02,28724.76,299.87426214
2023-10-20,28584.75,30235.68,28722.17,29671.9,745.94897005
2023-10-21,29460.36,30367.49,29666.38,29911.66,259.37494996
2023-10-22,29645.81,30260.03,29913.16,29977.95,237.86493201
2023-10-23,29886.97,34971.76,29992.51,33062.7,1593.62375578
2023-10-24,32826.95,35223.08,33073.58,33917.63,1771.16127161
2023-10-25,33683.8,35131.6,33920.48,34491.17,749.33003199
2023-10-26,33740.57,34826.28,34501.98,34158.52,799.55032909
2023-10-27,33394.66,34244.7,34155.84,33890.35,556.88665418
2023-10-28,33864.37,34498.89,33897.3,34080.98,202.63296515
2023-10-29,33929.66,34748.86,34080.98,34524.03,372.50297596
2023-10-30,34068.38,34861.04,34523.41,34478.38,474.14151301
2023-10-31,34034.7,34728.82,34479.9,34641.81,291.48428009
2023-11-01,34071.03,35609.21,34643.39,35427.45,672.48299289
2023-11-02,34304.74,35980.0,35425.64,34935.27,663.47313096
2023-11-03,34117.82,34953.68,34950.87,34714.78,723.08603352
2023-11-04,34588.76,35259.3,34713.38,35058.19,165.28260364
2023-11-05,34455.04,35386.23,35066.4,35026.71,247.98965294
2023-11-06,34728.62,35271.11,35017.63,35039.28,336.45743047
2023-11-07,34517.68,35909.97,35043.06,35403.88,582.96756844
2023-11-08,35100.01,36112.75,35402.93,35621.76,708.36243479
2023-11-09,35552.99,37991.0,35619.31,36692.42,1386.74805872
2023-11-10,36327.99,37528.82,36702.43,37313.05,526.44882792
2023-11-11,36666.52,37395.18,37306.41,37134.87,176.85000309
2023-11-12,36727.89,37223.3,37144.47,37066.88,76.35265126
2023-11-13,36339.3,37418.99,37073.88,36468.16,343.7057605
2023-11-14,34687.23,36747.66,36472.33,35550.3,670.65814533
2023-11-15,35353.47,37959.81,35549.4,37847.89,652.2746458
2023-11-16,35500.7,37926.58,37862.47,36151.23,747.18439807
2023-11-17,35865.74,36814.34,36162.92,36609.35,572.23775779
2023-11-18,36187.31,36837.33,36606.82,36560.3,129.03153975
2023-11-19,36391.83,37500.0,36572.25,37360.65,182.55994935
2023-11-20,36706.8,37753.63,37380.53,37451.98,538.40539901
2023-11-21,35733.21,37648.87,37448.59,35750.0,825.62107606
2023-11-22,35622.11,37861.54,35729.02,37406.69,731.61626729
2023-11-23,36872.32,37641.48,37415.75,37297.83,307.2163168
2023-11-24,37255.73,38422.1,37301.56,37720.9,740.85068056
2023-11-25,37591.01,37885.14,37723.33,37778.63,94.88883858
2023-11-26,37153.15,37816.21,37778.35,37436.53,325.91573181
2023-11-27,36712.45,37560.16,37447.19,37237.49,577.74193417
2023-11-28,36870.16,38400.41,37250.01,37817.48,671.75324526
2023-11-29,37573.88,38465.01,37821.98,37860.87,1150.92074542
2023-11-30,37497.78,38144.0,37857.26,37722.5,419.81388368
2023-12-01,37617.51,38983.2,37737.81,38678.39,852.64811417
2023-12-02,38638.82,39761.0,38691.53,39448.25,503.60017979
2023-12-03,39276.02,40227.0,39451.21,39971.62,352.49187753
2023-12-04,39972.45,42403.37,39980.77,41984.65,1392.81621461
2023-12-05,41392.06,44491.92,41987.91,44054.66,2042.46193788
2023-12-06,43358.83,44290.65,44084.0,43771.16,888.30949627
2023-12-07,42844.29,44056.5,43771.69,43284.35,619.79742969
2023-12-08,43080.26,44721.63,43272.97,44177.57,628.18898936
2023-12-09,43572.53,44362.67,44186.9,43712.07,303.64324103
2023-12-10,43566.25,44048.74,43713.55,43790.02,229.30071936
2023-12-11,40211.44,43804.06,43794.08,41259.04,1586.51669047
2023-12-12,40683.74,42095.14,41253.73,41466.77,719.35816353
2023-12-13,40564.83,43495.24,41498.22,42870.53,857.33330735
2023-12-14,41431.28,43437.53,42885.37,43019.74,1049.01796184
2023-12-15,41655.01,43079.44,43031.4,41944.25,478.07888006
2023-12-16,41618.86,42713.19,41950.85,42275.75,321.41101983
2023-12-17,41255.31,42426.42,42269.65,41373.33,316.52256645
2023-12-18,40547.02,42757.77,41382.57,42649.72,730.48924648
2023-12-19,41809.54,43479.02,42654.92,42274.63,514.53852073
2023-12-20,42205.7,44302.72,42287.72,43621.26,790.42021852
2023-12-21,43316.39,44247.09,43677.27,43872.96,458.72522674
2023-12-22,43422.78,44413.88,43871.25,43974.15,323.96449069
2023-12-23,43299.0,43991.72,43981.66,43713.02,150.8804888
2023-12-24,42579.65,43950.7,43710.8,42995.84,205.71683806
2023-12-25,42742.66,43803.35,43003.48,43577.16,213.77996445
2023-12-26,41593.79,43593.02,43583.36,42531.62,516.25807163
2023-12-27,42126.18,43668.59,42522.63,43429.67,704.78129277
2023-12-28,42268.24,43793.73,43442.96,42571.85,847.23280141
2023-12-29,41305.21,43112.62,42572.75,42064.03,1509.9700216
2023-12-30,41522.8,42607.25,42059.34,42138.09,680.17060584
2023-12-31,41970.6,42884.7,42138.72,42288.32,791.49991414
2024-01-01,42178.4,44195.57,42293.69,44176.97,729.39355766
2024-01-02,44157.45,45880.95,44183.08,44954.64,1767.6122683
2024-01-03,40545.71,45507.46,44959.03,42841.6,2638.32464494
2024-01-04,42619.1,44745.07,42841.76,44154.57,1386.9352356
2024-01-05,42401.97,44368.38,44153.69,44128.22,1361.43097132
2024-01-06,43391.06,44219.31,44156.28,43970.91,280.91138128
2024-01-07,43602.64,44467.75,43958.71,43927.63,360.23641543
2024-01-08,43185.22,47273.11,43941.14,46949.59,1206.98616704
2024-01-09,44769.12,47978.72,46962.21,46100.74,1406.15443117
2024-01-10,44316.94,47701.27,46118.51,46648.59,2093.81250974
2024-01-11,45592.95,49053.64,46647.21,46344.0,2371.98348079
2024-01-12,41446.36,46512.76,46335.89,42777.97,2294.59181603
2024-01-13,42443.26,43257.08,42775.36,42843.2,406.9029868
2024-01-14,41723.69,43063.76,42833.23,41735.38,465.52732322
2024-01-15,41715.63,43374.52,41754.77,42506.39,701.68226622
2024-01-16,42070.97,43565.51,42498.41,43166.79,792.91234191
2024-01-17,42206.52,43199.71,43135.3,42779.3,882.97375611
2024-01-18,40683.79,42928.57,42786.7,41294.04,927.1828774
2024-01-19,40269.67,42192.36,41317.41,41661.33,998.9168818
2024-01-20,41462.84,41881.65,41675.58,41692.38,220.77899322
2024-01-21,41498.77,41878.66,41689.34,41560.38,108.59923582
2024-01-22,39435.74,41686.69,41579.2,39563.52,1227.18418371
2024-01-23,38547.38,40176.92,39558.16,39904.22,1035.51901114
2024-01-24,39451.63,40563.02,39911.11,40081.13,852.74549344
2024-01-25,39549.0,40307.22,40069.97,39959.44,546.8139417
2024-01-26,39831.65,42250.29,39948.57,41822.05,1059.25613705
2024-01-27,41394.0,42198.49,41829.38,42114.61,178.46966114
2024-01-28,41623.03,42830.87,42128.55,42034.52,364.47772309
2024-01-29,41798.16,43336.39,42036.62,43293.66,522.55179309
2024-01-30,42688.07,43869.27,43302.55,42944.49,706.20190543
2024-01-31,42286.34,43750.58,42934.33,42581.51,854.66402061
2024-02-01,41889.33,43290.78,42597.56,43073.8,664.4026004
2024-02-02,42552.52,43495.86,43098.04,43202.55,607.14175712
2024-02-03,42887.88,43380.86,43209.52,43017.24,151.53087529
2024-02-04,42237.09,43119.65,42999.66,42597.87,241.72610033
2024-02-05,42258.0,43564.41,42590.09,42710.89,765.82384404
2024-02-06,42579.83,43394.61,42710.4,43087.16,513.29992991
2024-02-07,42791.65,44406.86,43094.78,44357.99,976.91353725
2024-02-08,44337.49,45620.58,44354.83,45291.66,1326.93486208
2024-02-09,45252.85,48195.15,45310.92,47123.48,1424.42746904
2024-02-10,46848.62,48164.7,47129.13,47750.96,543.41650837
2024-02-11,47571.89,48593.23,47747.47,48279.89,796.47237709
2024-02-12,47710.19,50333.62,48311.11,49921.27,1085.37824513
2024-02-13,48309.08,50375.16,49927.5,49710.73,1154.40857815
2024-02-14,49231.1,52064.57,49711.8,51802.73,1195.51347086
2024-02-15,51310.29,52833.06,51800.63,51892.98,1355.34554821
2024-02-16,51565.87,52584.76,51891.89,52121.17,1330.10673185
2024-02-17,50612.59,52157.79,52127.88,51642.35,726.39955087
2024-02-18,51163.88,52406.6,51660.89,52109.67,319.44842634
2024-02-19,51685.34,52495.47,52147.05,51783.24,834.25415666
2024-02-20,50760.0,53017.16,51772.1,52271.79,1187.27190591
2024-02-21,50610.0,52376.04,52270.91,51854.23,841.75634989
2024-02-22,50942.03,52081.91,51853.47,51290.19,924.98983189
2024-02-23,50525.49,51545.85,51289.32,50743.38,928.40066428
2024-02-24,50584.28,51700.0,50745.42,51571.6,245.21314517
2024-02-25,51280.22,51982.69,51568.95,51725.62,219.68668077
2024-02-26,50899.03,54919.4,51741.27,54487.63,912.94969019
2024-02-27,54461.08,57606.19,54475.8,57040.7,1781.90602732
2024-02-28,56696.69,64075.18,57042.88,62442.4,2221.69197172
2024-02-29,60367.33,63657.19,62427.46,61148.02,1827.60509879
2024-03-01,60770.35,63142.55,61148.91,62385.04,1074.07786524
2024-03-02,61568.13,62438.34,62377.83,61992.07,301.90990886
2024-03-03,61316.97,63238.78,61992.76,63117.14,312.76552907
2024-03-04,62318.53,68505.54,63107.96,68254.91,1643.86362031
2024-03-05,59068.56,69129.53,68255.08,63739.13,2647.70480798
2024-03-06,62787.61,67637.53,63720.35,66074.38,1504.31846625
2024-03-07,65559.26,68000.0,66071.53,66830.12,873.33939047
2024-03-08,66069.72,70051.74,66830.88,68133.3,1178.53475824
2024-03-09,67884.72,68556.81,68137.51,68334.3,212.19842252
2024-03-10,68096.6,69877.25,68328.72,68959.76,471.39674363
2024-03-11,67024.52,72827.85,68956.16,72097.76,1659.03896052
2024-03-12,68633.88,73070.41,72097.97,71463.41,1411.96117786
2024-03-13,71338.43,73657.36,71460.37,73071.4,626.89549111
2024-03-14,68533.79,73804.0,73080.08,71389.8,1483.82652156
2024-03-15,65592.03,72418.63,71387.01,69498.83,2122.75488587
2024-03-16,64816.0,70050.09,69498.86,65344.2,589.99207831
2024-03-17,64540.75,68909.69,65319.84,68399.06,649.88511127
2024-03-18,66579.91,68965.27,68405.19,67609.86,851.74475754
2024-03-19,61561.45,68123.01,67605.89,61957.53,1890.03090226
2024-03-20,60779.45,68107.07,61932.64,67841.56,1682.26130711
2024-03-21,64526.16,68235.87,67858.52,65513.1,846.93844671
2024-03-22,62306.4,66639.12,65500.38,63788.62,796.35904699
2024-03-23,63000.01,66000.0,63796.5,64024.07,392.93686957
2024-03-24,63778.15,67628.32,63969.09,67200.9,341.68036976
2024-03-25,66386.08,71199.75,67237.24,69891.73,830.37298964
2024-03-26,69267.17,71557.2,69878.57,69991.93,663.33191604
2024-03-27,68406.35,71782.35,69994.71,69482.49,861.26458162
2024-03-28,68898.81,71584.46,69451.91,70790.2,520.5380637
2024-03-29,69004.16,70924.16,70794.34,69858.51,292.22612618
2024-03-30,69548.05,70310.39,69852.92,69580.07,134.94404185
2024-03-31,69558.91,71387.36,69582.27,71292.74,241.53656221
2024-04-01,68059.89,71300.45,71289.38,69710.45,611.52432825
2024-04-02,64582.76,69677.15,69656.15,65466.13,1063.07924472
2024-04-03,64481.8,66904.21,65451.52,65969.31,482.80751739
2024-04-04,65080.43,69311.77,65970.38,68480.36,709.85074566
2024-04-05,65970.96,68758.84,68494.39,67825.53,721.08183873
2024-04-06,67463.24,69669.54,67821.63,68889.74,158.41112357
2024-04-07,68838.42,70312.38,68899.75,69372.75,185.67648565
2024-04-08,69046.76,72799.0,69359.85,71630.3,499.44540404
2024-04-09,68215.41,71732.3,71612.47,69169.93,541.80832391
2024-04-10,67501.87,71164.7,69118.62,70643.38,525.83309842
2024-04-11,69556.76,71311.32,70626.81,70019.24,365.77870132
2024-04-12,65128.78,71231.63,69989.02,67139.84,906.37713135
2024-04-13,60543.32,67954.74,67095.3,63944.77,1149.53626279
2024-04-14,62137.5,65844.96,63932.21,65689.86,839.25021207
2024-04-15,62298.36,66831.99,65672.63,63423.46,685.58526507
2024-04-16,61615.68,64377.47,63400.35,63810.13,598.34876903
2024-04-17,59646.86,64508.0,63795.65,61306.57,780.51200262
2024-04-18,60799.52,64147.47,61267.61,63465.56,521.3409269
2024-04-19,59591.3,65449.81,63423.01,63810.15,955.9565797
2024-04-20,63098.37,65429.87,63819.63,64946.2,228.05799614
2024-04-21,64237.27,65695.32,64950.25,64915.79,209.85452367
2024-04-22,64515.5,67236.34,64925.29,66832.03,375.91797033
2024-04-23,65799.99,67166.34,66845.21,66381.37,234.54186228
2024-04-24,63601.62,67066.42,66499.81,64296.64,447.81780405
2024-04-25,62794.87,65284.4,64287.79,64501.36,491.89765817
2024-04-26,63321.72,64810.57,64540.09,63770.47,423.63224847
2024-04-27,62399.53,63924.8,63770.12,63470.55,295.45532954
2024-04-28,62778.71,64367.44,63473.16,63120.14,186.87340135
2024-04-29,61769.7,64216.14,63114.34,63863.03,543.76342083
2024-04-30,59062.11,64737.17,63879.26,60680.03,996.43643468
2024-05-01,56565.7,60835.38,60665.22,58348.9,1380.62738584
2024-05-02,56952.62,59626.02,58344.44,59066.36,833.2904227
2024-05-03,58817.75,63344.3,59069.02,62877.63,1229.48437807
2024-05-04,62545.74,64542.11,62884.78,63893.21,324.82066249
2024-05-05,62881.51,64644.63,63901.14,64003.37,325.86522817
2024-05-06,62706.38,65520.27,64003.37,63178.07,872.74743455
2024-05-07,62260.9,64413.18,63172.52,62305.25,712.02737604
2024-05-08,60873.62,63031.29,62317.0,61183.35,557.80593836
2024-05-09,60630.37,63442.43,61193.63,63070.29,481.87865797
2024-05-10,60179.42,63477.76,63074.68,60794.9,769.2185631
2024-05-11,60477.06,61500.0,60795.54,60808.75,80.2755881
2024-05-12,60620.55,61873.68,60820.39,61470.58,129.46853545
2024-05-13,60758.25,63464.75,61470.58,62945.6,595.78411719
2024-05-14,61125.95,63117.63,62938.78,61579.98,518.2972084
2024-05-15,61322.3,66458.53,61579.98,66208.85,670.42435397
2024-05-16,64592.72,66748.9,66208.85,65232.59,587.28301944
2024-05-17,65098.65,67459.3,65245.96,67027.25,466.51964219
2024-05-18,66581.32,67377.82,67019.32,66914.18,200.77483418
2024-05-19,65877.73,67696.21,66906.76,66278.54,222.56369649
2024-05-20,66048.66,71525.1,66269.25,71419.28,772.09021705
2024-05-21,69162.63,71966.1,71436.49,70157.92,982.34053628
2024-05-22,68902.39,70671.36,70157.92,69147.4,804.99684603
2024-05-23,66288.34,70092.39,69147.4,67975.17,673.95118787
2024-05-24,66615.13,69272.0,67963.4,68560.94,370.41689812
2024-05-25,68511.66,69611.13,68562.22,69298.65,98.79438999
2024-05-26,68196.78,69536.26,69285.59,68507.69,112.79568076
2024-05-27,68265.0,70697.44,68516.16,69429.66,247.65644678
2024-05-28,67269.18,69595.69,69427.06,68392.69,470.17405502
2024-05-29,67140.56,68938.66,68411.88,67668.34,277.93947908
2024-05-30,67139.39,69534.61,67639.52,68355.21,392.70570318
2024-05-31,66651.41,69040.8,68353.67,67536.18,425.10808609
2024-06-01,67442.0,67891.6,67563.82,67765.76,71.63882664
2024-06-02,67302.56,68466.9,67757.2,67798.58,143.45777327
2024-06-03,67619.29,70303.81,67772.64,68809.08,629.00324561
2024-06-04,68574.31,71095.74,68813.73,70539.99,743.06521135
2024-06-05,70383.17,71783.13,70540.99,71115.3,547.47835389
2024-06-06,70117.5,71682.42,71109.55,70801.82,382.38101535
2024-06-07,68317.57,72000.0,70798.03,69383.93,949.27731185
2024-06-08,69169.74,69570.04,69315.26,69305.88,53.49215005
2024-06-09,69020.9,69851.05,69291.74,69651.43,79.58490229
2024-06-10,69177.75,70198.64,69629.3,69542.18,209.03553686
2024-06-11,66034.15,69587.2,69530.9,67323.79,641.76475096
2024-06-12,66907.73,70017.55,67307.57,68265.01,673.53868999
2024-06-13,66240.25,68455.73,68263.26,66791.29,384.01173728
2024-06-14,65054.04,67356.81,66779.47,66039.62,417.58873892
2024-06-15,65860.77,66475.22,66025.79,66224.4,95.4186575
2024-06-16,66045.1,66985.53,66218.78,66687.03,86.76431317
2024-06-17,65121.0,67306.25,66667.72,66507.91,380.0078792
2024-06-18,64045.79,66595.27,66501.49,65181.11,544.95858453
2024-06-19,64658.71,65719.14,65211.24,64998.33,209.07845207
2024-06-20,64552.95,66483.84,64968.13,64877.15,314.3287829
2024-06-21,63374.5,65047.31,64881.71,64144.24,310.20282176
2024-06-22,63944.25,64543.05,64168.04,64288.63,52.52720683
2024-06-23,63180.22,64521.07,64263.34,63199.58,63.58662416
2024-06-24,58406.91,63326.76,63171.55,60296.59,903.7032439
2024-06-25,60261.49,62416.42,60296.59,61819.44,485.69401884
2024-06-26,60708.75,62490.94,61810.7,60850.08,298.02714854
2024-06-27,60606.7,62431.72,60809.95,61696.15,357.57318892
2024-06-28,60021.11,62218.29,61695.47,60435.99,1464.84243985
2024-06-29,60397.37,61221.93,60431.16,60985.39,213.50510936
2024-06-30,60721.62,63053.29,60982.71,62782.47,188.58263813
2024-07-01,62522.6,63872.14,62787.87,62924.99,415.48360144
2024-07-02,61812.1,63266.45,62918.55,62132.69,290.2016548
2024-07-03,59402.31,62306.6,62142.37,60220.92,552.6570977
2024-07-04,56763.03,60504.73,60220.4,57017.99,910.83047278
2024-07-05,53455.92,57536.22,57013.24,56634.57,1568.3326862
2024-07-06,56024.71,58480.11,56623.63,58230.43,426.40398046
2024-07-07,55732.26,58437.93,58236.59,55865.77,454.18070935
2024-07-08,54289.82,58206.78,55859.63,56731.74,1390.92171574
2024-07-09,56286.05,58289.02,56708.26,58047.19,1028.69257661
2024-07-10,57159.89,59469.44,58040.03,57715.06,792.40003179
2024-07-11,57048.1,59530.43,57720.49,57335.47,779.18705899
2024-07-12,56541.14,58527.17,57348.26,57881.39,940.97328865
2024-07-13,57757.21,59859.18,57905.13,59201.27,397.90059748
2024-07-14,59194.61,61409.69,59194.61,60784.37,503.55099432
2024-07-15,60657.44,64907.24,60797.92,64726.11,1017.0374101
2024-07-16,62395.28,65380.25,64732.27,65053.57,904.74044166
2024-07-17,63853.96,66115.15,65048.84,64089.15,611.82762652
2024-07-18,63228.08,65109.14,64116.0,63982.43,350.01472799
2024-07-19,63300.0,67412.9,63990.75,66672.18,821.70410426
2024-07-20,66219.32,67606.16,66696.51,67118.58,223.69458792
2024-07-21,65767.08,68367.15,67172.2,68163.68,385.04221644
2024-07-22,66567.96,68488.84,68187.5,67538.93,399.22622729
2024-07-23,65428.32,67756.83,67511.47,65935.38,483.32334118
2024-07-24,65106.02,67115.37,65931.68,65393.26,299.54582224
2024-07-25,63459.79,66170.25,65360.87,65790.95,505.60622048
2024-07-26,65722.76,68217.64,65829.42,67888.71,337.45273231
2024-07-27,66657.49,69403.82,67920.85,67894.1,524.24554933
2024-07-28,67050.47,68364.45,67868.66,68241.55,141.60283771
2024-07-29,66424.58,70091.09,68249.16,66830.94,682.75723485
2024-07-30,65305.72,67000.0,66784.87,66210.51,351.12459817
2024-07-31,64528.88,66858.94,66183.14,64625.44,358.12119618
2024-08-01,62287.81,65629.24,64607.51,65362.79,793.89937178
2024-08-02,61233.79,65597.85,65347.43,61497.39,977.32532905
2024-08-03,59849.02,62193.82,61487.16,60707.03,525.5445787
2024-08-04,57187.38,61116.23,60681.71,58152.36,562.37114366
2024-08-05,49023.6,58289.01,58125.77,54030.1,3644.91829736
2024-08-06,53958.86,57052.81,54018.4,56030.34,1419.02740758
2024-08-07,54559.16,57732.5,56008.56,55098.31,973.0696082
2024-08-08,54733.57,62733.94,55112.07,61688.46,1036.1174025
2024-08-09,59498.64,61739.21,61687.05,60840.44,629.25277321
2024-08-10,60248.21,61477.09,60843.94,60928.8,160.6974399
2024-08-11,58300.0,61864.01,60919.85,58712.54,291.11210343
2024-08-12,57652.88,60697.91,58705.45,59350.04,754.88186313
2024-08-13,58420.67,61576.99,59352.65,60587.33,524.1032124
2024-08-14,58444.38,61806.85,60578.33,58682.81,576.34517173
2024-08-15,56114.48,59852.53,58681.3,57561.04,965.7294781
2024-08-16,57089.73,59831.1,57540.35,58840.55,702.15144066
2024-08-17,58794.36,59704.15,58897.69,59478.93,83.48325694
2024-08-18,58406.56,60273.01,59514.3,58420.97,187.02090921
2024-08-19,57811.18,59610.75,58416.16,59446.06,374.18427816
2024-08-20,58568.97,61405.92,59456.67,59015.58,704.64267028
2024-08-21,58788.1,61828.44,59012.51,61152.68,660.26651458
2024-08-22,59723.69,61410.04,61155.32,60363.22,438.42654356
2024-08-23,60345.48,64977.93,60374.9,64033.28,898.53158631
2024-08-24,63546.71,64494.98,64056.75,64159.34,250.07498852
2024-08-25,63783.38,65057.23,64157.42,64228.72,291.25166761
2024-08-26,62793.03,64463.7,64221.55,62851.63,413.28792787
2024-08-27,58021.99,63214.9,62832.83,59416.98,800.42185079
2024-08-28,57849.29,60229.94,59412.39,59021.22,409.13610546
2024-08-29,58728.3,61156.05,59025.23,59351.92,342.76272008
2024-08-30,57712.89,59915.18,59352.32,59137.62,555.0605508
2024-08-31,58748.41,59448.68,59108.23,58975.84,55.92604168
2024-09-01,57206.14,59072.68,58965.04,57317.8,275.26908678
2024-09-02,57119.73,59419.13,57291.11,59121.13,363.87698405
2024-09-03,57411.08,59814.8,59134.98,57494.39,309.13331535
2024-09-04,55621.01,58525.1,57484.9,57972.35,589.92879719
2024-09-05,55591.4,58332.0,57976.01,56176.55,482.51087126
2024-09-06,52554.71,57020.6,56177.8,53970.09,1037.070946
2024-09-07,53763.64,54855.68,53967.12,54159.96,212.45552831
2024-09-08,53632.79,55312.88,54169.9,54876.86,285.70806078
2024-09-09,54595.8,58084.72,54853.69,57045.5,773.0077665
2024-09-10,56400.54,58045.71,57046.53,57633.2,376.2909338
2024-09-11,55544.46,58000.43,57637.74,57312.12,618.82436564
2024-09-12,57333.59,58600.69,57365.19,58123.54,531.20362016
2024-09-13,57642.52,60629.14,58202.13,60494.99,570.07196425
2024-09-14,59420.16,60610.17,60502.66,59994.57,166.10242528
2024-09-15,58687.79,60382.16,60011.55,59146.04,170.85069848
2024-09-16,57489.66,59207.29,59115.31,58196.55,671.51589043
2024-09-17,57622.09,61352.6,58213.17,60317.79,664.87709225
2024-09-18,59184.97,61786.17,60316.55,61761.0,832.52304536
2024-09-19,61560.94,63858.13,61761.0,62944.89,760.59773964
2024-09-20,62348.13,64131.14,62963.87,63209.64,782.22612263
2024-09-21,62751.35,63549.95,63179.85,63344.88,88.83453379
2024-09-22,62375.94,64009.78,63385.04,63565.99,178.10285895
2024-09-23,62583.98,64745.5,63581.51,63327.02,448.80462821
2024-09-24,62705.98,64696.25,63348.01,64255.47,459.32799821
2024-09-25,62948.42,64824.84,64274.02,63157.2,466.48456508
2024-09-26,62672.72,65844.64,63159.06,65153.59,567.32656016
2024-09-27,64816.87,66465.48,65156.54,65776.19,399.16215879
2024-09-28,65428.57,66248.51,65811.47,65850.3,75.56014169
2024-09-29,65428.57,66076.04,65877.54,65619.03,86.05067726
2024-09-30,62863.86,65612.05,65609.19,63343.55,546.09896391
2024-10-01,60171.28,64123.01,63397.65,60817.98,845.90796304
2024-10-02,59981.91,62376.51,60803.22,60649.8,513.29810718
2024-10-03,59829.05,61480.78,60632.59,60746.37,561.87776039
2024-10-04,60464.56,62483.94,60746.98,62086.44,367.44473995
2024-10-05,61692.29,62370.38,62087.19,62088.0,52.72812326
2024-10-06,61811.24,62970.98,62001.6,62830.06,71.62292666
2024-10-07,62127.3,64465.08,62828.63,62238.25,544.54613277
2024-10-08,61869.42,63208.38,62230.62,62171.09,416.55085898
2024-10-09,60303.51,62545.55,62165.29,60635.14,738.95491887
2024-10-10,58929.86,61363.06,60626.76,60330.71,1085.096344
2024-10-11,60100.0,63424.28,60330.71,62512.51,834.20474065
2024-10-12,62499.0,63478.48,62537.85,63206.78,126.08839412
2024-10-13,62050.67,63291.23,63198.04,62904.47,102.8822423
2024-10-14,62459.63,66515.34,62882.25,66091.5,700.57108379
2024-10-15,64797.64,67962.51,66096.22,67085.31,823.22872401
2024-10-16,66765.04,68416.38,67120.25,67636.36,509.30694115
2024-10-17,66665.07,67936.81,67628.96,67420.78,442.45331222
2024-10-18,67186.51,69025.66,67413.45,68428.74,523.73776061
2024-10-19,68011.38,68689.75,68429.07,68364.02,61.26729817
2024-10-20,68109.38,69405.07,68394.12,69021.97,129.60048176
2024-10-21,66847.98,69525.33,69039.27,67381.26,518.57951806
2024-10-22,66573.98,67841.71,67383.52,67431.31,339.31469861
2024-10-23,65238.67,67470.47,67439.31,66672.3,622.58354046
2024-10-24,66516.36,68852.34,66672.16,68194.21,488.26036737
2024-10-25,65593.25,68778.0,68205.56,66729.82,544.79596291
2024-10-26,66445.28,67459.43,66672.5,67100.6,72.03465171
2024-10-27,66938.55,68333.67,67113.51,68019.06,107.85924956
2024-10-28,67630.57,70283.11,68051.95,69950.8,453.121395
2024-10-29,69764.03,73638.92,69977.45,72744.75,1089.19577194
2024-10-30,71438.09,72961.57,72740.83,72365.37,796.64547413
2024-10-31,69684.63,72686.14,72358.97,70307.05,1016.05857437
2024-11-01,68811.94,71641.67,70296.33,69511.35,1104.43265979
2024-11-02,69026.19,69912.67,69518.76,69364.23,163.54861113
2024-11-03,67482.52,69387.65,69338.52,68757.18,512.35127449
2024-11-04,66834.51,69490.94,68711.2,67830.72,718.04217721
2024-11-05,67478.17,70553.42,67845.29,69390.29,807.06277905
2024-11-06,69303.25,76412.91,69368.86,75573.91,2110.24048594
2024-11-07,74428.28,76865.1,75570.91,75841.88,814.1231053
2024-11-08,75583.43,77209.4,75873.35,76491.99,644.97600829
2024-11-09,75724.31,76907.67,76502.81,76679.07,162.15428267
2024-11-10,76489.45,81503.46,76678.25,80399.71,791.60056657
2024-11-11,80209.65,89566.29,80365.88,88660.52,1431.95856688
2024-11-12,85068.06,89939.94,88669.33,87943.93,1709.25502214
2024-11-13,86126.4,93268.25,87960.84,90386.07,1405.34237439
2024-11-14,86681.7,91778.46,90383.89,87328.87,848.99598332
2024-11-15,87085.72,91852.0,87304.3,91039.29,660.38469926
2024-11-16,90058.05,91779.23,91053.99,90584.28,222.37059198
2024-11-17,88714.79,91444.67,90589.92,89851.84,256.64971476
2024-11-18,89362.82,92619.21,89816.79,90450.36,782.08047203
2024-11-19,90365.91,93959.73,90416.0,92298.47,603.63424745
2024-11-20,91481.25,94892.43,92337.41,94299.39,668.53598312
2024-11-21,94036.89,98986.68,94306.45,98320.27,858.41494191
2024-11-22,97148.25,99750.0,98340.88,98912.69,827.88565446
2024-11-23,97121.98,98931.47,98889.14,97705.35,755.97037083
2024-11-24,95631.29,98574.88,97687.49,97900.38,414.86290983
2024-11-25,92600.54,98887.67,97936.78,93020.0,760.78994943
2024-11-26,90760.58,94980.06,92958.42,91965.86,557.67595697
2024-11-27,91780.9,97228.73,91981.17,95868.06,880.48061505
2024-11-28,94650.28,96567.11,95851.79,95663.79,234.29375364
2024-11-29,95367.79,99300.0,95657.58,97474.44,663.80464945
2024-11-30,96101.14,97457.95,97457.95,96372.3,84.39691657
2024-12-01,95675.96,97835.46,96381.1,97220.98,124.15725301
2024-12-02,94401.98,98154.98,97189.21,95830.65,476.32012503
2024-12-03,93532.57,96304.56,95831.43,95858.41,543.28281681
2024-12-04,94576.24,99388.6,95872.91,98606.9,775.52156401
2024-12-05,91152.8,104075.42,98595.69,96943.47,1286.44932426
2024-12-06,96335.48,101912.64,96941.23,99738.55,984.60876589
2024-12-07,98872.96,100443.66,99727.43,99843.88,575.93982046
2024-12-08,98669.32,101363.62,99841.61,101116.31,325.36166433
2024-12-09,94100.55,101217.01,101117.98,97266.2,702.45455577
2024-12-10,94275.23,98279.91,97262.5,96610.55,584.7987617
2024-12-11,95670.35,101903.65,96610.56,101133.62,975.86611441
2024-12-12,99295.19,102542.08,101177.02,99981.99,687.70534972
2024-12-13,99199.07,101923.61,99987.59,101435.57,875.33039573
2024-12-14,100613.34,102643.15,101428.02,101415.7,144.98627772
2024-12-15,101252.67,105243.75,101385.67,104446.39,300.78938448
2024-12-16,103347.78,107837.25,104488.76,106072.77,1342.16933854
2024-12-17,105333.93,108367.11,106054.03,106137.67,441.95850973
2024-12-18,99991.89,106484.02,106129.98,100231.42,484.28246874
2024-12-19,95666.0,102797.57,100181.42,97462.36,493.41893944
2024-12-20,92264.82,98255.2,97459.59,97805.26,638.94099972
2024-12-21,96410.72,99557.72,97805.26,97281.41,182.82511927
2024-12-22,94259.09,97410.08,97285.46,95173.03,129.05036356
2024-12-23,92509.89,96531.13,95182.65,94845.13,532.17827236
2024-12-24,93568.36,99501.63,94843.4,98673.72,553.67925046
2024-12-25,97657.75,99569.75,98686.74,99441.97,174.47834538
2024-12-26,95178.67,99966.59,99453.62,95753.96,296.81247603
2024-12-27,93426.98,97506.26,95750.88,94289.97,569.62119187
2024-12-28,94135.74,95717.16,94246.87,95336.17,112.97942559
2024-12-29,93027.16,95336.24,95336.24,93734.42,132.92360656
2024-12-30,91524.66,95026.09,93708.93,92794.72,430.19102002
2024-12-31,92043.86,96258.81,92782.14,93548.04,355.47091095
2025-01-01,92850.82,95152.46,93551.63,94595.69,419.53143069
2025-01-02,94384.72,97849.19,94604.24,97023.09,449.98891734
2025-01-03,96105.41,98985.11,97028.27,98180.77,304.59406694
2025-01-04,97536.31,98777.0,98265.11,98250.13,54.31302665
2025-01-05,97269.93,98842.08,98265.91,98426.14,58.14261905
2025-01-06,97923.95,102486.31,98484.07,102233.01,530.0151165
2025-01-07,96154.14,102711.85,102239.81,96960.38,445.01256129
2025-01-08,92528.67,97269.91,96957.05,95062.1,442.97606684
2025-01-09,91210.17,95378.19,95057.33,92547.63,358.79324183
2025-01-10,92226.88,95853.15,92525.97,94698.43,421.87904186
2025-01-11,93852.89,95025.3,94699.34,94589.23,106.33959321
2025-01-12,93711.39,95450.25,94593.2,94557.24,124.37550325
2025-01-13,89189.63,95942.48,94544.59,94570.35,556.69074262
2025-01-14,94349.22,97370.06,94550.62,96565.3,343.3010466
2025-01-15,96528.4,100685.51,96573.98,100507.96,561.5342777
2025-01-16,97345.45,100871.77,100499.32,100005.08,352.83514729
2025-01-17,99955.76,105851.81,99992.81,104098.29,838.66351033
2025-01-18,102280.34,104984.18,104099.41,104535.34,398.01445135
2025-01-19,99662.31,106424.87,104535.34,101360.36,361.54033496
2025-01-20,99566.39,109705.0,101330.54,102304.11,1071.81185848
2025-01-21,100126.62,107280.73,102234.62,106140.08,569.90350571
2025-01-22,103346.81,106394.82,106166.43,103693.68,237.42590661
2025-01-23,101256.74,106853.61,103678.54,103915.2,795.86551728
2025-01-24,102763.58,107156.53,103895.21,104714.24,388.2484001
2025-01-25,104115.24,105286.27,104719.16,104790.47,149.49745054
2025-01-26,102507.35,105502.84,104798.39,102601.46,133.50216283
2025-01-27,97764.08,103255.68,102598.42,102066.19,621.06560667
2025-01-28,100274.55,103794.38,102104.09,101362.66,340.03927892
2025-01-29,101344.3,104823.67,101368.01,103761.9,412.57233296
2025-01-30,103305.11,106468.01,103782.01,104763.37,479.23635183
2025-01-31,101567.58,106053.75,104759.68,102394.64,299.56173077
2025-02-01,100285.76,102797.43,102384.82,100654.2,194.45206542
2025-02-02,96178.76,101467.14,100654.2,97698.28,322.85775983
2025-02-03,91118.94,102482.52,97687.97,101479.84,1265.00834986
2025-02-04,96143.46,101730.42,101474.48,97774.1,563.13859169
2025-02-05,96172.25,99181.47,97762.0,96447.3,492.82508513
2025-02-06,95672.72,99128.91,96435.84,96629.72,426.91048888
2025-02-07,95620.76,100157.76,96611.19,96470.1,313.66764594
2025-02-08,95686.88,96892.67,96462.01,96467.56,111.19747035
2025-02-09,94718.04,97383.6,96502.55,96464.24,177.8865257
2025-02-10,95241.56,98339.0,96468.57,97440.22,288.28469776
2025-02-11,94869.69,98481.32,97475.06,95786.05,200.88505831
2025-02-12,94066.87,98116.98,95761.12,97837.25,394.60107766
2025-02-13,95218.64,98083.74,97861.05,96618.59,247.83057431
2025-02-14,96266.03,98855.89,96692.16,97470.89,353.23765565
2025-02-15,97228.16,97980.61,97461.31,97563.96,62.38762266
2025-02-16,96045.69,97711.62,97591.41,96072.61,55.19881293
2025-02-17,95203.34,97043.95,96079.83,95786.34,150.87640452
2025-02-18,93385.63,96739.19,95822.09,95663.0,243.83886571
2025-02-19,95046.35,96892.68,95675.39,96622.04,122.92676492
2025-02-20,96424.76,98723.28,96607.44,98409.38,129.57410962
2025-02-21,94857.6,99490.65,98428.08,96194.8,444.26902217
2025-02-22,95783.9,96998.05,96188.73,96523.63,78.59574003
2025-02-23,95247.0,96661.68,96531.87,96321.95,53.21426683
2025-02-24,91324.73,96504.36,96310.57,91548.35,324.99461205
2025-02-25,86024.34,92542.31,91452.94,88694.87,1141.66208295
2025-02-26,82238.36,89407.07,88694.15,84187.59,767.78205978
2025-02-27,82706.35,87083.61,84298.53,84732.36,787.4738658
2025-02-28,78256.0,85121.28,84701.61,84340.57,1226.1286139
2025-03-01,83812.77,86563.63,84340.58,86005.48,223.9316342
2025-03-02,85038.28,95054.24,85980.28,94252.3,607.9064366
2025-03-03,85116.04,94406.6,94263.31,86202.13,1649.17050344
2025-03-04,81483.51,88970.42,86120.72,87250.8,1105.39152624
2025-03-05,86367.14,91016.53,87244.36,90599.73,996.16587076
2025-03-06,87825.28,92817.05,90712.07,89955.78,665.64630802
2025-03-07,84639.56,91262.5,89975.0,86720.67,1423.24121839
2025-03-08,85235.16,86892.76,86713.33,86216.26,172.02795705
2025-03-09,79975.45,86511.76,86202.59,80745.41,469.63660322
2025-03-10,77436.65,84035.37,80729.58,78627.71,1351.000689
2025-03-11,76568.32,83631.08,78654.26,82964.97,858.4164333
2025-03-12,80598.32,84466.04,82973.79,83682.95,650.06988253
2025-03-13,79924.93,84333.22,83695.27,81082.78,593.61661054
2025-03-14,80818.41,85302.25,81097.84,83981.73,318.17625932
2025-03-15,83631.12,84658.18,83990.13,84357.01,82.29422244
